time_s,v_V,i_A,p_W
0,0,0.5226942490816925,0
0.000050041701417848205,0.3487470758203419,0.5226655415989404,0.18227807926468576
0.00010008340283569641,0.6974558437745401,0.5225794223040364,0.36447607192227344
0.00015012510425354463,1.0460880002043504,0.5224359006566913,0.546513926552917
0.00020016680567139282,1.3946052498668646,0.5222349924219349,0.7283116620958128
0.000250208507089241,1.7429693101410249,0.5219767196683843,0.9097894029900789
0.00030025020850708926,2.0911419152327486,0.5216611107658206,1.090867414269281
0.00035029190992493745,2.4390848203782065,0.5212882003820714,1.271466136594183
0.00040033361134278564,2.786759806044792,0.5208580294792036,1.4515062212083378
0.00045037531276063384,3.1341286821293153,0.520370645309024,1.6309085648011528
0.000500417014178482,3.4811532921529698,0.5198261014078882,1.8095943442631135
0.0005504587155963302,3.827795517452601,0.5192244575908208,1.9874850513179019
0.0006005004170141785,4.174017281367823,0.5185657799449447,2.164502527016183
0.0006505421184320267,4.519780553423523,0.5178501408222214,2.340568996075909
0.0007005838198498749,4.865047353507286,0.5170776188315043,2.515607101054059
0.0007506255212677231,5.209779756041299,0.5162482988299034,2.68953993633479
0.0008006672226855713,5.553939894148252,0.5153622719134648,2.8622910819190714
0.0008507089241034195,5.8974899638108065,0.5144196354071635,3.033784637000961
0.0009007506255212677,6.2403922280241355,0.5134204928542135,3.2039452533157555
0.0009507923269391159,6.5826090209411285,0.5123649540046943,3.372698168245387
0.001000834028356964,6.9241027520097695,0.5112531348034943,3.539969237666497
0.0010508757297748124,7.264835910102235,0.5100851573775766,3.7056849685267688
0.0011009174311926604,7.604771067635282,0.5088611500225627,3.8697725511352017
0.0011509591326105087,7.943870884681453,0.5075812471886407,4.032159891152142
0.001201000834028357,8.282098113070651,0.5062455894657963,4.192775641265011
0.0012510425354462051,8.61941560048164,0.5048543235683701,4.351549232535815
0.0013010842368640534,8.95578629452301,0.5034076023189419,4.508410905406669
0.0013511259382819015,9.291173246803176,0.5019055846315434,4.663291740349703
0.0014011676396997498,9.625539616988943,0.5003484354942036,4.8161236881478935
0.0014512093411175979,9.958848676852202,0.49873632595082434,4.966839599793496
0.0015012510425354462,10.29106381430433,0.49706943308239326,5.115373255990985
0.0015512927439532943,10.62214853741779,0.49534793998753207,5.261659396251479
0.0016013344453711426,10.952066478434588,0.49357203576238406,5.405633747565925
0.0016513761467889909,11.280781397761052,0.4917419154798432,5.547233052644403
0.001701417848206839,11.60825718794854,0.4898577801681264,5.68639509770917
0.0017514595496246873,11.93445787765964,0.48791983678869183,5.823058739829209
0.0018015012510425353,12.259347635619413,0.4859282982135052,5.9571639337843
0.0018515429524603836,12.582890774551254,0.483883383201657,6.08865175844678
0.0019015846538782317,12.905051755096942,0.48178531637533345,6.217464442669432
0.00195162635529608,13.22579518972042,0.47963432819514246,6.3435453906681
0.002001668056713928,13.545085846594922,0.4774306549347993,6.466839206887895
0.0020517097581317766,13.862888653472991,0.4751745386551731,6.587291720342063
0.0021017514595496247,14.17916870153895,0.472866227177698,6.704850008412822
0.002151793160967473,14.49389124924345,0.47050597405715106,6.819462420103708
0.002201834862385321,14.807021726119626,0.46809403855380105,6.93107859873321
0.0022518765638031694,15.118525736580459,0.46563068560493004,7.039649504059739
0.0023019182652210175,15.428369063696938,0.4631161857957316,7.145127433828189
0.0023519599666388656,15.73651767295659,0.46055081532958897,7.247466044728643
0.002402001668056714,16.04293771600199,0.4579348559977344,7.346620372757994
0.002452043369474562,16.347595534348784,0.45526859514829776,7.442546852975557
0.0025020850708924102,16.650457663082904,0.45255232565474174,7.535203338643984
0.0025521267723102583,16.951490834536482,0.4497863458836918,7.624549119747058
0.002602168473728107,17.250661981942127,0.4469709596621624,7.710544940876252
0.002652210175145955,17.54793824306509,0.4441064762441833,7.793153018478182
0.002702251876563803,17.843286963813036,0.44119321027682934,7.872337057455372
0.002752293577981651,18.136675701822877,0.438231481765659,7.948062267113063
0.0028023352793994996,18.428072230024387,0.435221616039563,8.020295376445008
0.0028523769808173477,18.717444540180153,0.4321639437150292,8.089004648751596
0.0029024186822351958,19.00476084640152,0.4290588006598261,8.154159895583858
0.0029524603836530443,19.28998958864007,0.4259065279561097,8.215732490007197
0.0030025020850708924,19.573099436154298,0.4227074718629576,8.273695379179063
0.0030525437864887405,19.854059290951163,0.4194619837783344,8.328023096235047
0.0031025854879065885,20.132838291201967,0.4161704202004927,8.378691771478092
0.003152627189324437,20.409405814632393,0.4128331426888136,8.425679142866036
0.003202668890742285,20.68373148188616,0.4094505178240918,8.468964565792758
0.0032527105921601332,20.95578515986203,0.40602291716826894,8.5085290221587
0.0033027522935779817,21.22553696502377,0.4025507172236188,8.544355128726751
0.00335279399499583,21.492957266682655,0.39903429939139146,8.57642714475983
0.003402835696413678,21.758016690252262,0.3954740499299186,8.604730978936825
0.003452877397831526,22.02068612047508,0.3918703599121848,8.62925419554382
0.0035029190992493745,22.280936704620665,0.3882236251828705,8.649986019937915
0.0035529608006672226,22.538739855654928,0.3845342463148711,8.666917343281215
0.0036030025020850707,22.794067255380295,0.380802628565296,8.680040726542959
0.003653044203502919,23.04689085754625,0.3770291818309531,8.689350403767934
0.0037030859049207673,23.297182890930095,0.37321432060332477,8.694842284609877
0.0037531276063386154,23.544915862387437,0.3693584639230381,8.696513956128598
0.0038031693077564634,23.79006255987216,0.36546203533383503,8.694364683850145
0.003853211009174312,24.03259605542551,0.36152546283604936,8.688395412089521
0.00390325271059216,24.272489708133982,0.357549178839593,8.678608763535777
0.003953294412010008,24.509717167055665,0.35353362011645806,8.665009038099688
0.004003336113427856,24.744252374114737,0.34947922775274026,8.647602211024529
0.004053377814845704,24.97606956696382,0.3453864471001883,8.626395930260772
0.004103419516263553,25.205143281813793,0.3412557277272834,8.601399513105815
0.004153461217681401,25.431448356230863,0.3370875233698584,8.572623942110319
0.004203502919099249,25.654959931900507,0.3328822918812565,8.540081860252846
0.0042535446205170975,25.875653457358027,0.32864049518203914,8.503787565384984
0.004303586321934946,26.09350469068538,0.3243625992092456,8.463757003949352
0.004353628023352794,26.308489702173993,0.3200490738652142,8.420007763973311
0.004403669724770642,26.520584876953343,0.3157003929659649,8.372559067341397
0.004453711426188491,26.729766917584897,0.3113170341891542,8.3214317613499
0.004503753127606339,26.936012846621175,0.306899479021604,8.266648309547271
0.004553794829024187,27.139300009129748,0.30244821270641403,8.208232781864458
0.004603836530442035,27.339606075181706,0.2979637241896602,8.1462108440394
0.004653878231859883,27.53690904230448,0.2934465060666863,8.080609746340391
0.004703919933277731,27.731187237898713,0.2888970545279964,8.011458311593303
0.004753961634695579,27.922419321618847,0.28431586930474956,7.938786922517798
0.004804003336113428,28.110584287717238,0.27970345361386867,7.862627508378264
0.004854045037531276,28.295661467351515,0.2750603141027644,7.783013530955195
0.004904086738949124,28.477630530854956,0.27038696079368246,7.699979969843254
0.004954128440366972,28.65647148996957,0.26568390702768147,7.6135633070824795
0.0050041701417848205,28.832164700041677,0.26095166940824444,7.523801511129331
0.005054211843202669,29.004690862179793,0.25619076774453386,7.4307340201747065
0.005104253544620517,29.174031025374486,0.25140172499429236,7.33440172481615
0.005154295246038365,29.34016658858001,0.24658506720640025,7.234846950091981
0.005204336947456214,29.503079302757598,0.24174132346309044,7.132113436885133
0.005254378648874062,29.662751272879905,0.23687102582183409,7.026246322704978
0.00530442035029191,29.81916495989678,0.23197470925689437,6.917292121855428
0.005354462051709758,29.97230318266176,0.22705291160056476,6.8052987049982265
0.005404503753127606,30.122149119819362,0.22210617348409029,6.690315278120237
0.005454545454545454,30.26868631165278,0.21713503827828248,6.572392360914051
0.005504587155963302,30.411898661891914,0.2121400520338335,6.451581764581422
0.005554628857381151,30.551770439481448,0.20712176342133434,6.327936569069192
0.005604670558798999,30.688286280308795,0.2020807236710091,6.2015110997479015
0.005654712260216847,30.82143118889179,0.19701748651216225,6.072360903543025
0.005704753961634695,30.95119054002584,0.1919326081123575,5.940542724529686
0.0057547956630525435,31.07755008039042,0.1868266470163238,5.806114479001226
0.0058048373644703916,31.200495930114716,0.18170016408460404,5.669135230022865
0.00585487906588824,31.32001458430226,0.17655372243194684,5.529665161481428
0.005904920767306089,31.436092914514347,0.17138788736545188,5.387765551642665
0.005954962468723937,31.548718170212137,0.16620322632247408,5.2434987462277185
0.006005004170141785,31.657877980157227,0.16100030880829394,5.0969281310206025
0.006055045871559633,31.763560353770536,0.15577970633356084,4.94811810401871
0.006105087572977481,31.865753682449444,0.150541992351515,4.797134047138565
0.006155129274395329,31.96444674084289,0.14528774219499835,4.644042297489337
0.006205170975813177,32.05962868808444,0.14001753301325603,4.488910118226593
0.006255212677231026,32.15128906898307,0.13473194370854114,4.331805668999261
0.006305254378648874,32.23941781517163,0.12943155487252486,4.172797976002642
0.006355296080066722,32.32400524621278,0.12411694872252203,4.011956901650724
0.00640533778148457,32.40504207066236,0.11878870903753788,3.8493531138810853
0.006455379482902418,32.482519387089965,0.1134474210941433,3.685058055105869
0.0065054211843202665,32.55642868505673,0.10809367160218569,3.5191439108225
0.0065554628857381145,32.62676184605015,0.10272804864034146,3.351683577897877
0.0066055045871559635,32.69351114437588,0.0973511415915203,3.1827506325400834
0.006655546288573812,32.75666924800632,0.09196354107812381,3.012419297971544
0.00670558798999166,32.81622921938599,0.08656583889716966,2.8407644118179594
0.006755629691409508,32.87218451619365,0.08115862795528508,2.6678613932272435
0.006805671392827356,32.92452899206083,0.07574250220358078,2.4937862097330266
0.006855713094245204,32.97325689724709,0.07031805657240803,2.318615343877164
0.006905754795663052,33.01836287927149,0.06488588690600909,2.142425759605979
0.006955796497080901,33.05984198350062,0.059446589897067234,1.9652948684550071
0.007005838198498749,33.09768965369274,0.05400076302116343,1.7873004955370744
0.007055879899916597,33.13190173249837,0.048549004471147315,1.6085208453486768
0.007105921601334445,33.16247446191685,0.04309191309142819,1.4290344674096276
0.007155963302752293,33.189404483709204,0.037630088312197045,1.2489202217512059
0.007206005004170141,33.21268883976698,0.032164130083580766,1.0682572442677565
0.0072560467055879894,33.23232497243722,0.026694638809742613,0.8871249119472012
0.007306088407005838,33.248310724803346,0.02122221528293037,0.7056028079955393
0.0073561301084236865,33.260644340922155,0.015747460617483,0.5237706868707804
0.0074061718098415346,33.269324466016656,0.010270976183801683,0.34170843924162775
0.007456213511259383,33.274350146624876,0.004793363542292702,0.15949605688631352
0.007506255212677231,33.275720830704635,-0.0006847756227102552,-0.022786402452978378
0.007556296914095079,33.27343636769414,-0.006162839569038617,-0.20505885024471399
0.007606338615512927,33.26749700852856,-0.011640226562785223,-0.3872412023560521
0.007656380316930776,33.25790340561243,-0.017116334944403427,-0.5692534142390778
0.007706422018348624,33.24465661274801,-0.022590563194793176,-0.7510155160994828
0.007756463719766472,33.227758085019516,-0.028062310001377665,-0.9324476480326007
0.00780650542118432,33.20720967863332,-0.033530974324151544,-1.1134700951109704
0.007856547122602168,33.183013650714,-0.03899595546170284,-1.2940033224083207
0.007906588824020016,33.155172659056454,-0.04445665311719638,-1.4739680099444263
0.007956630525437864,33.12368976183395,-0.04991246746431268,-1.653285087535524
0.008006672226855712,33.08856841726218,-0.055362799213136374,-1.8318757695350116
0.00805671392827356,33.04981248321942,-0.06080704967598315,-2.0096615894490513
0.008106755629691409,33.00742621682275,-0.066244620833164,-2.18656443441206
0.008156797331109257,32.96141427396044,-0.07167491539867266,-2.362506579506716
0.008206839032527107,32.91178170878054,-0.07709733688579493,-2.5374107219135964
0.008256880733944955,32.85853397313565,-0.08251128967262916,-2.711200014875322
0.008306922435362803,32.801676915984174,-0.08791617906751181,-2.883798101460333
0.00835696413678065,32.741216782747735,-0.09331141137434101,-3.055129148111452
0.008407005838198499,32.67716021462523,-0.09869639395779059,-3.2251178779644927
0.008457047539616347,32.60951424786329,-0.10407053530840772,-3.393689603922281
0.008507089241034195,32.53828631298339,-0.10943324510758662,-3.560770261469542
0.008557130942452043,32.46348423396567,-0.1147839342924125,-3.726286441214285
0.008607172643869891,32.38511622738952,-0.12012201512036527,-3.8901654211412704
0.00865721434528774,32.30319090153099,-0.1254469012338814,-4.052335198563575
0.008707256046705587,32.21771725541728,-0.13075800772476037,-4.212724521757998
0.008757297748123435,32.128704677838186,-0.13605475119841448,-4.37126292127061
0.008807339449541284,32.03616294631488,-0.141336549837951,-4.527880740878552
0.008857381150959132,31.9401022260258,-0.1466028234680816,-4.6825091681945405
0.008907422852376981,31.840533068690153,-0.1518529936188511,-4.835080264900623
0.00895746455379483,31.73746641140882,-0.1570864835891793,-4.9855269965979
0.009007506255212678,31.630913575462998,-0.16230271851020803,-5.133783262259088
0.009057547956630526,31.520886265070608,-0.16750112540844717,-5.279783923270991
0.009107589658048374,31.407396566100676,-0.17268113326871332,-5.42346483205416
0.009157631359466222,31.290456944745742,-0.177842173096851,-5.564762860247035
0.00920767306088407,31.170080246152537,-0.18298367798223508,-5.703615926442403
0.009257714762301918,31.04627969301102,-0.18810508316004132,-5.83996302346374
0.009307756463719766,30.919068884101936,-0.19320582607328318,-5.9737442451696605
0.009357798165137614,30.788461792803055,-0.1982853464346055,-6.104900812774568
0.009407839866555462,30.654472765554306,-0.20334308628782838,-6.233375100673994
0.00945788156797331,30.51711652028187,-0.20837849006923656,-6.359110661763291
0.009507923269391158,30.376408144781536,-0.2133910046686033,-6.482052252238476
0.009557964970809006,30.232363095061352,-0.2183800794899481,-6.602145855868471
0.009608006672226856,30.084997193643897,-0.2233451665120151,-6.719338707727903
0.009658048373644704,29.934326627828284,-0.2282857203484704,-6.833579317380178
0.009708090075062552,29.780367947912037,-0.23320119830781003,-6.944817491500585
0.0097581317764804,29.62313806537315,-0.2380910604529719,-7.053004355929492
0.009808173477898249,29.46265425101249,-0.2429547696606435,-7.158092377145919
0.009858215179316097,29.298934133056644,-0.24779179168026275,-7.260035383152111
0.009908256880733945,29.131995695221615,-0.25260159519270187,-7.358788583759904
0.009958298582151793,28.96185727473736,-0.25738365186863055,-7.4543085902699655
0.010008340283569641,28.788537560333594,-0.2621374364265489,-7.546553434535263
0.010058381984987489,28.612055590186923,-0.26686242669048715,-7.635482587400401
0.010108423686405337,28.432430749829617,-0.2715581036473633,-7.721056976508711
0.010158465387823185,28.249682770020183,-0.27622395150399487,-7.803239003469295
0.010208507089241033,28.063831724576126,-0.280859457743754,-7.8819925603764105
0.010258548790658881,27.87489802816888,-0.2854641131828658,-7.9572830456740435
0.01030859049207673,27.68290243408144,-0.2900374120263389,-8.02907737935862
0.01035863219349458,27.487866031928654,-0.2945788519235247,-8.097344017513194
0.010408673894912427,27.289810245340753,-0.2990879340232958,-8.162052966166737
0.010458715596330275,27.088756829610006,-0.3035641630288442,-8.223175794472448
0.010508757297748124,26.884727869301024,-0.3080070472520861,-8.280685647199277
0.010558798999165972,26.67774577582496,-0.3124160986676702,-8.334557256531152
0.01060884070058382,26.467833284977704,-0.3167908329665852,-8.384766953168796
0.010658882402001668,26.25501345444249,-0.3211307696093584,-8.431292676729177
0.010708924103419516,26.03930966125712,-0.32543543187884016,-8.474113985438066
0.010758965804837364,25.82074559924618,-0.3297043469325683,-8.513212065111448
0.010809007506255212,25.59934527641838,-0.33393704585470685,-8.548569737421797
0.01085904920767306,25.37513301232939,-0.33813306370755514,-8.580171467445659
0.010909090909090908,25.148133435410525,-0.3422919395826167,-8.608003370489122
0.010959132610508756,24.918371480263424,-0.34641321665122893,-8.632053218188299
0.011009174311926604,24.685872384921133,-0.3504964422147417,-8.652310443881998
0.011059216013344454,24.450661688075826,-0.3545411677542457,-8.6687661472544
0.011109257714762302,24.21276522627359,-0.35854694897983724,-8.681413098245494
0.01115929941618015,23.972209131076372,-0.3625133458794225,-8.69024574022774
0.011209341117597998,23.729019826191575,-0.3664399227670507,-8.695260192447455
0.011259382819015847,23.48322402456961,-0.37032624833077005,-8.69645425172987
0.011309424520433695,23.234848725469593,-0.37417189568000636,-8.693827393447137
0.011359466221851543,22.983921211493662,-0.3779764423924538,-8.687380771748831
0.01140950792326939,22.730469045590084,-0.381739470560476,-8.677117219054848
0.011459549624687239,22.474520068025694,-0.38546056683701047,-8.663041244810952
0.011509591326105087,22.21610239332776,-0.38913932248097227,-8.64515903350747
0.011559633027522935,21.955244407195774,-0.3927753334021523,-8.62347844196206
0.011609674728940783,21.69197476338343,-0.39636820020560437,-8.598008995867682
0.011659716430358631,21.4263223805512,-0.39991752823551585,-8.56876188560735
0.01170975813177648,21.158316439089763,-0.40342292761855875,-8.535749961337471
0.011759799833194329,20.88798637791473,-0.406884013306715,-8.498987727341937
0.011809841534612177,20.615361891232915,-0.4103004051195717,-8.458491335659446
0.011859883236030025,20.340472925280626,-0.4136717277860821,-8.41427857898686
0.011909924937447873,20.063349675034242,-0.41699761098578636,-8.366368882861732
0.011959966638865721,19.78402258089342,-0.4202776893894896,-8.314783297127374
0.01201000834028357,19.502522325337466,-0.4235116026993912,-8.259544486684328
0.012060050041701418,19.218879829554993,-0.4266989956886611,-8.200676721532181
0.012110091743119266,18.933126250047422,-0.4298395182404596,-8.138205866106183
0.012160133444537114,18.645292975206598,-0.4329328253863964,-8.07215936791332
0.012210175145954962,18.35541162186697,-0.4359785773444219,-8.00256624547283
0.01226021684737281,18.063514031832707,-0.43897643955615145,-7.9294570755665035
0.012310258548790658,17.76963226837994,-0.4419260827236149,-7.85286397980429
0.012360300250208506,17.47379861273494,-0.4448271828454267,-7.772820610511208
0.012410341951626354,17.176045560528106,-0.44767942125237703,-7.689362135941682
0.012460383653044204,16.87640581822455,-0.450482484642435,-7.6025252248278425
0.012510425354462052,16.574912299531473,-0.4532360651151634,-7.512348030268569
0.0125604670558799,16.27159812178277,-0.4559398602055395,-7.418870172966355
0.012610508757297748,15.966496602301316,-0.45859357291717956,-7.322132723819368
0.012660550458715596,15.65964125473918,-0.4611969117549618,-7.222178185876305
0.012710592160133444,15.351065785396427,-0.46374959075704547,-7.119050475662076
0.012760633861551293,15.040804089518621,-0.46625132952628234,-7.012794903882402
0.01281067556296914,14.728890247573656,-0.46870185326101665,-6.903458155515887
0.012860717264386989,14.415358521508152,-0.47110089278527034,-6.791088269302245
0.012910758965804837,14.100243350984062,-0.47344818457831067,-6.6757346166358
0.012960800667222685,13.783579349595623,-0.4757434708035964,-6.5574478798734
0.013010842368640533,13.465401301067262,-0.4779864993370994,-6.4362800300663645
0.013060884070058381,13.145744155432771,-0.48017702379499977,-6.312284304126221
0.013110925771476229,12.824643025196316,-0.4823148035607489,-6.1855151814342895
0.013160967472894077,12.502133181475468,-0.4843996038115,-6.056028359905325
0.013211009174311927,12.1782500501269,-0.4864311955439023,-5.923880731515816
0.013261050875729775,11.85302920785506,-0.4884093555992556,-5.789130357307645
0.013311092577147623,11.526506378304264,-0.490333866688023,-5.651836441878089
0.013361134278565471,11.198717428134673,-0.4922045174136986,-5.5120593073674025
0.01341117597998332,10.8696983630825,-0.49402110229602914,-5.36986036695536
0.013461217681401167,10.539485324005069,-0.4957834217935836,-5.225302097878489
0.013511259382819015,10.208114582910879,-0.4974912823256724,-5.07844801397973
0.013561301084236864,9.875622538975374,-0.49914449629361113,-4.929362637802696
0.013611342785654712,9.542045714542649,-0.5007428821013269,-4.778111472242701
0.01366138448707256,9.207420751113746,-0.5022862641753056,-4.6247609717671105
0.013711426188490408,8.871784405321756,-0.5037744729838783,-4.469378513217558
0.013761467889908256,8.53517354489434,-0.5052073450558423,-4.312032366206932
0.013811509591326104,8.19762514460395,-0.5065847229984186,-4.152791663124064
0.013861551292743952,7.859176282206469,-0.5079064555145394,-3.991726368759423
0.013911592994161802,7.5198641343683565,-0.5091723974194685,-3.8289072495650123
0.01396163469557965,7.179725972583028,-0.510382409656748,-3.664405842562064
0.014011676396997498,6.838799159076794,-0.5115363593134732,-3.498294423910185
0.014061718098415346,6.49712114270485,-0.5126341196348924,-3.3306459771517463
0.014111759799833194,6.154729454837672,-0.5136755700383304,-3.1615341611454437
0.014161801501251042,5.8116617052385,-0.5146605961264332,-2.9910332777032096
0.01421184320266889,5.467955577932066,-0.5155890896997343,-2.819218238944578
0.014261884904086738,5.123648827065244,-0.5164609487685397,-2.6461645343829314
0.014311926605504587,4.778779272759919,-0.5172760775641312,-2.471948197758022
0.014361968306922435,4.433384796958749,-0.5180343865492855,-2.296645773629454
0.014412010008340283,4.087503339263993,-0.5187357924281094,-2.1203342837456507
0.01446205170975813,3.7411728927700936,-0.5193802181551902,-1.943091193203215
0.014512093411175979,3.3944314998902936,-0.5199675929440573,-1.764994376411442
0.014562135112593827,3.047317248177983,-0.520497852274959,-1.5861220828770786
0.014612176814011677,2.6998682661429423,-0.520970937901949,-1.4065529028241976
0.014662218515429525,2.3521227190631575,-0.5213867978592844,-1.226365732664413
0.014712260216847373,2.0041188047925846,-0.521745386467134,-1.0456397403325577
0.014762301918265221,1.6558947495653322,-0.5220466643365956,-0.8644543305030641
0.014812343619683069,1.3074888037967467,-0.5222905983740233,-0.6828891097023387
0.014862385321100917,0.9589392378817629,-0.5224771617846621,-0.5010238513324105
0.014912427022518765,0.6102843379912087,-0.5226063340755911,-0.3189384606213346
0.014962468723936613,0.2615624018662304,-0.5226781010579753,-0.13671293951560434
0.015012510425354461,-0.08718826538846472,-0.522692454848623,0.045572648469889857
0.01506255212677231,-0.4359293555122641,-0.5226493938708529,0.22783821342899635
0.015112593828190158,-0.7846225612965035,-0.5225489228546661,0.4100036742529572
0.015162635529608006,-1.1332295807923543,-0.5223910528362278,0.591988993815275
0.015212677231025854,-1.481712121518041,-0.5221758011566541,0.7737142141372086
0.015262718932443702,-1.8300319046651135,-0.5219031914601072,0.9550994915185413
0.015312760633861552,-2.178150669303077,-0.521573253691199,1.1360651316180688
0.0153628023352794,-2.5260301765821236,-0.5211860240917012,1.316531624468495
0.015412844036697248,-2.8736322139335826,-0.5207415451965645,1.4964196794103983
0.015462885738115096,-3.2209185992672036,-0.5202398658292461,1.6756502599296932
0.015512927439532944,-3.5678511851653165,-0.5196810410963475,1.854144618383549
0.015562969140950792,-3.914391863073074,-0.5190651323815606,2.0318243305993287
0.01561301084236864,-4.260502567484519,-0.5183922073389252,2.208611330331458
0.01566305254378649,-4.606145280123769,-0.5176623398853981,2.384427943560953
0.015713094245204336,-4.951282034121162,-0.516875610192733,2.5591969226226916
0.015763135946622184,-5.295874918183726,-0.5160321046786746,2.7328414801453516
0.015813177648040033,-5.639886080759444,-0.5151319159974659,2.905285322789051
0.01586321934945788,-5.98327773419508,-0.5141751430296708,3.076452684766
0.01591326105087573,-6.326012158886911,-0.5131618908713127,3.246268361129322
0.015963302752293577,-6.668051707424064,-0.5120922708223298,3.4146577408155023
0.016013344453711425,-7.0093588087237855,-0.5109664003743499,3.581546839425834
0.016063386155129273,-7.349895972158461,-0.5097844031977848,3.7468623317326037
0.01611342785654712,-7.689625791673724,-0.5085464091282454,3.9105315838956143
0.01616346955796497,-8.028510949897349,-0.5072525541522799,4.072482685374977
0.016213511259382817,-8.366514222238264,-0.505902980392437,4.23264448052605
0.016263552960800665,-8.703598480975522,-0.5044978360916541,4.390946599862758
0.016313594662218513,-9.039726699336532,-0.5030372755969738,4.547319490975473
0.01636363636363636,-9.374861955564297,-0.50152145934259,4.701694449089933
0.016413678065054213,-9.708967436972992,-0.4999505538322245,4.8540036472536805
0.01646371976647206,-10.042006443991617,-0.49832473162083835,5.004180166136852
0.01651376146788991,-10.373942394195312,-0.496644171295677,5.152158023434223
0.016563803169307757,-10.704738826323668,-0.49490905745665376,5.297872202855492
0.016613844870725605,-11.034359404285782,-0.4931195806960727,5.4412586826911715
0.016663886572143453,-11.362767921151638,-0.4912759375776929,5.582254463941504
0.0167139282735613,-11.689928303129134,-0.4893783306151372,5.720797597995979
0.01676396997497915,-12.015804613526637,-0.4874269682496474,5.856827213851415
0.016814011676396998,-12.340361056700408,-0.4854220648271878,5.9902835448565295
0.016864053377814846,-12.663561981986582,-0.48336384057490084,6.121107954971338
0.016914095079232694,-12.98537188761713,-0.4812525215769164,6.2492429645297465
0.016964136780650542,-13.305755424619566,-0.47908833974951737,6.374632275494122
0.01701417848206839,-13.624677400699795,-0.47687153281566586,6.497220796190673
0.017064220183486238,-13.942102784107858,-0.4746023442788892,6.616954665514817
0.017114261884904086,-14.257996707485871,-0.4722810233965341,6.733781276595841
0.017164303586321934,-14.572324471698057,-0.46990782515238655,6.847649299910534
0.017214345287739782,-14.885051549642272,-0.4674830102286624,6.958508705835586
0.01726438698915763,-15.196143590042546,-0.46500684497737443,7.066310786628836
0.01731442869057548,-15.505566421222417,-0.46247960139107425,7.171008177829769
0.017364470391993327,-15.813286054858473,-0.4599015570729754,7.27255487906978
0.017414512093411175,-16.119268689713813,-0.4572729952064608,7.370906274283159
0.017464553794829023,-16.42348071535086,-0.45459420452397603,7.466019151309784
0.01751459549624687,-16.725888715823316,-0.4518654792753142,7.557851720881072
0.01756463719766472,-17.02645947334669,-0.44908711919529415,7.64636363498069
0.017614678899082567,-17.325159971947127,-0.446259429470836,7.73151600457209
0.017664720600500415,-17.621957401087947,-0.4433827207074389,7.813271416684963
0.017714762301918263,-17.916819159273754,-0.4404573088950618,7.891593950853201
0.01776480400333611,-18.20971285763149,-0.43748351537341473,7.966449194897094
0.017814845704753963,-18.50060632346825,-0.43446166679666004,8.037804260042845
0.01786488740617181,-18.78946760380507,-0.4313920950975337,8.105627795372705
0.01791492910758966,-19.076264968887017,-0.42827513745088197,8.169890001599532
0.017964970809007507,-19.360966915668385,-0.425111136236626,8.230562644159512
0.018015012510425355,-19.643542171273136,-0.42190043900215296,8.287619065617442
0.018065054211843203,-19.923959696430057,-0.4186433984241403,8.34103419737908
0.01811509591326105,-20.202188688882284,-0.41534037226981524,8.390784570705419
0.0181651376146789,-20.478198586770684,-0.41199172335765755,8.436848327024002
0.018215179316096747,-20.751959071990942,-0.40859781951754504,8.479205227532836
0.018265221017514596,-21.023440073523826,-0.40515903355035016,8.517836662092616
0.018315262718932444,-21.292611770738333,-0.40167574318698857,8.552725657403341
0.01836530442035029,-21.559444596667266,-0.39814833104692976,8.58385688446182
0.01841534612176814,-21.823909241255045,-0.3945771845961668,8.611216665296682
0.018465387823185988,-22.0859766545772,-0.39096269610465606,8.634792978977993
0.018515429524603836,-22.34561805003141,-0.38730526260322856,8.654575466898859
0.018565471226021684,-22.602804907499475,-0.3836052858399782,8.670555437326598
0.018615512927439532,-22.85750897648011,-0.3798631722361325,8.682725869221608
0.01866555462885738,-23.10970227919213,-0.3760793328414088,8.691081415322161
0.01871559633027523,-23.359357113647615,-0.3722541832888638,8.695618404493803
0.018765638031693076,-23.60644605669481,-0.3683881437492376,8.696334843342312
0.018815679733110924,-23.850941967030415,-0.36448163888480156,8.693230417089538
0.018865721434528773,-24.092817988180943,-0.36053509780270976,8.6863064897117
0.01891576313594662,-24.33204755145266,-0.35654895400786624,8.67556610334011
0.01896580483736447,-24.568604378850075,-0.3525236453553054,8.661013976924547
0.019015846538782317,-24.802462485962394,-0.3484596140020972,8.642656504159952
0.019065888240200165,-25.03359618481778,-0.34435730635877704,8.620501750677208
0.019115929941618013,-25.26198008670501,-0.34021717304031235,8.594559450499442
0.01916597164303586,-25.487589104962296,-0.3360396688166036,8.564841001765204
0.019216013344453713,-25.71039845773291,-0.33182525256253054,8.531359461720518
0.01926605504587156,-25.93038367068727,-0.327574387207549,8.494129540982017
0.01931609674728941,-26.14752057971141,-0.32328753968483814,8.453167597073575
0.019366138448707257,-26.3617853335612,-0.3189651808800125,8.40849162723941
0.019416180150125105,-26.573154396482263,-0.3146077855793975,8.360121260536715
0.019466221851542953,-26.781604550795315,-0.31021583241787565,8.308077749211336
0.0195162635529608,-26.98711289944639,-0.3057898038263134,8.252383959360284
0.01956630525437865,-27.18965686852202,-0.30133018597856726,8.193064360885169
0.019616346955796497,-27.389214209728845,-0.2968374687380811,8.130145016740993
0.019666388657214345,-27.58576300283742,-0.29231214560407714,8.063653571484977
0.019716430358632193,-27.779281658090074,-0.2877547136573479,7.993619239130526
0.01976647206005004,-27.9697489185724,-0.2831656735056551,7.920072790311622
0.01981651376146789,-28.157143862548182,-0.2785455292287405,7.843046538763265
0.019866555462885738,-28.341445905757606,-0.2738947883229549,7.762574327123956
0.019916597164303586,-28.52263480367822,-0.2692139616455141,7.678691512066433
0.019966638865721434,-28.70069065374874,-0.2645035633583831,7.591434948763183
0.020016680567139282,-28.875593897555223,-0.25976411087179885,7.500842974693573
0.02006672226855713,-29.047325322979443,-0.25499612478743505,7.406955392799688
0.020116763969974978,-29.215866066309232,-0.2502001288412179,7.309813453998336
0.020166805671392826,-29.381197614310533,-0.24537664984579635,7.209459839056823
0.020216847372810674,-29.54330180626104,-0.24052621763267362,7.105938639840503
0.020266889074228522,-29.70216083594496,-0.2356493649940106,6.9992953399404
0.02031693077564637,-29.857757253608952,-0.23074662762409984,6.889576794689271
0.02036697247706422,-30.01007396787893,-0.22581854406052324,6.77683121057503
0.020417014178482067,-30.159094247637398,-0.22086565562499672,6.661108124060501
0.020467055879899915,-30.30480172386127,-0.21588850636390908,6.542458379818827
0.020517097581317763,-30.447180391419966,-0.2108876429885617,6.42093410839411
0.02056713928273561,-30.586214610833398,-0.2058636148151158,6.296588703297074
0.02061718098415346,-30.72188910998998,-0.20081697370425164,6.1694767975457925
0.02066722268557131,-30.854188985824102,-0.19574827400055167,6.0396542396619
0.02071726438698916,-30.98309970595315,-0.19065807247160918,5.907178069132709
0.020767306088407007,-31.10860711027385,-0.18554692824686836,5.7721064913500015
0.020817347789824855,-31.23069741251766,-0.18041540275620888,5.634498852036664
0.020867389491242703,-31.34935720176507,-0.17526405966827596,5.49441561117225
0.02091743119266055,-31.464573443918795,-0.17009346482856297,5.351918316428938
0.0209674728940784,-31.576333483135407,-0.164904186197259,5.207069576129705
0.021017514595496247,-31.684625043215576,-0.15969679378686025,5.0599330317403854
0.021067556296914095,-31.789436228952486,-0.15447185959955745,4.910573329907834
0.021117597998331943,-31.890755527438507,-0.14922995756440507,4.759056094056465
0.02116763969974979,-31.98857180932979,-0.14397166347427828,4.6054478955556135
0.02121768140116764,-32.082874330068755,-0.13869755492262553,4.449816224470404
0.021267723102585488,-32.173652731064344,-0.13340821124002356,4.2922294599089925
0.021317764804003336,-32.26089704082985,-0.12810421343053954,4.1327568399791295
0.021367806505421184,-32.3445976760782,-0.12278614410791383,3.9714684313674327
0.021417848206839032,-32.424745442774665,-0.11745458743156126,3.808435098554494
0.02146788990825688,-32.501331537146726,-0.11211012904240522,3.643728472679514
0.021517931609674728,-32.574347546651154,-0.10675335599854816,3.4774209200680843
0.021567973311092576,-32.643785450898065,-0.10138485671078681,3.3095855104369676
0.021618015012510424,-32.709637622531915,-0.09600522087797893,3.140295984789826
0.021668056713928272,-32.77189682806934,-0.09061503942226654,2.9696267230179547
0.02171809841534612,-32.830556228693666,-0.08521490442416925,2.797652711220445
0.02176814011676397,-32.88560938100616,-0.0798054090575457,2.6244495087578588
0.021818181818181816,-32.93705023773379,-0.07438714752443737,2.4500932150541086
0.021868223519599665,-32.98487314839347,-0.06896071498979885,2.2746604361610308
0.021918265221017513,-33.02907285991273,-0.06352670751612238,2.098228251100372
0.02196830692243536,-33.069644517206754,-0.0580857219979638,1.9208741779979595
0.02201834862385321,-33.10658366371167,-0.052638356096377605,1.7426761400249722
0.02206839032527106,-33.1398862418741,-0.047185208173264936,1.563712431161148
0.02211843202668891,-33.16954859359682,-0.04172687722565162,1.3840616817953
0.022168473728106756,-33.195567460640625,-0.03626396281988717,1.2038028241777279
0.022218515429524605,-33.21793998498218,-0.03079706502578813,1.0230150577402237
0.022268557130942453,-33.236663709128,-0.025326784350723417,0.8417778142986
0.0223185988323603,-33.25173657638438,-0.019853721673652482,0.6601707231531456
0.02236864053377815,-33.263156931083294,-0.01437847817912035,0.478273576102237
0.022418682235195997,-33.27092351876427,-0.008901655291223729,0.296166292384708
0.022468723936613845,-33.2750354863122,-0.003423854607546163,0.1139288835660721
0.022518765638031693,-33.27549238205103,0.002054322166923541,-0.06835858161574285
0.02256880733944954,-33.27229415579339,0.007532273285885162,-0.25061601242979553
0.02261884904086739,-33.26544115884608,0.013009397027825442,-0.4327633313411943
0.022668890742285237,-33.25493414397152,0.018485091762113746,-0.614720509194363
0.022718932443703085,-33.240774265305035,0.023958756015087262,-0.7964076003750349
0.022768974145120933,-33.22296307822808,0.02942978853612131,-0.9777447779356182
0.02281901584653878,-33.20150253919741,0.03489758836367047,-1.1586523686682713
0.02286905754795663,-33.17639500553015,0.04036155489128262,-1.3390508881105798
0.022919099249374478,-33.14764323514489,0.045821087933571654,-1.5188610754682357
0.022969140950792326,-33.115250386258694,0.05127558779214441,-1.6980039284394517
0.023019182652210174,-33.07922001704025,0.0567244553214741,-1.8764007379258112
0.023069224353628022,-33.03955608521896,0.0621670919947125,-2.0539731226142703
0.02311926605504587,-32.99626294765026,0.06760289996943662,-2.2306430634152283
0.023169307756463718,-32.94934535983701,0.07303128215331543,-2.406332937741291
0.023219349457881566,-32.89880847540716,0.0784516422696989,-2.5809655536119807
0.023269391159299414,-32.844657845547616,0.08386338492311511,-2.7544641835691723
0.023319432860717262,-32.78689941839451,0.08926591566467103,-2.926752598388456
0.02336947456213511,-32.72553953837981,0.09465864105734931,-3.0977551005715873
0.02341951626355296,-32.66058494553442,0.10004096874119392,-3.267396557605317
0.023469557964970807,-32.59204277474784,0.10541230749837709,-3.4356024349719783
0.023519599666388658,-32.51992055498442,0.11077206731814342,-3.6022988288974096
0.023569641367806506,-32.444226208456364,0.11611965946161464,-3.7674124988215456
0.023619683069224354,-32.36496804975353,0.1214544965264638,-3.9308708995779016
0.023669724770642202,-32.28215478493008,0.12677599251143568,-4.092602213267303
0.02371976647206005,-32.1957955105482,0.13208356288071615,-4.252535380812172
0.0237698081734779,-32.10589971267891,0.13737662462813977,-4.410600133177391
0.023819849874895747,-32.01247726586003,0.14265459634123123,-4.566727022244104
0.023869891576313595,-31.915538432011523,0.14791689826506763,-4.720847451322705
0.023919933277731443,-31.815093859308348,0.15316295236596297,-4.872893705291886
0.02396997497914929,-31.71115458101074,0.1583921823949615,-5.022798980350272
0.02402001668056714,-31.6037320142523,0.16360401395113522,-5.170497413367673
0.024070058381984987,-31.492837958785906,0.16879787454467854,-5.315924110823033
0.024120100083402835,-31.37848459568755,0.1739731936597932,-5.459015177316387
0.024170141784820683,-31.260684486018334,0.1791294028173554,-5.599707743642231
0.02422018348623853,-31.139450569444683,0.18426593563736196,-5.737939994412108
0.02427022518765638,-31.014796162817035,0.1893822279011413,-5.873651195214058
0.024320266889074228,-30.886734958707045,0.1944777176133311,-6.006781719297231
0.024370308590492076,-30.755281023903528,0.19955184506361023,-6.137273073769789
0.024420350291909924,-30.6204487978673,0.2046040528881794,-6.265067925298631
0.024470391993327772,-30.482253091145108,0.20963378613098446,-6.390110125299653
0.02452043369474562,-30.340709083742766,0.21464049230467494,-6.5123447346074705
0.024570475396163468,-30.19583232345768,0.21962362145129283,-6.631718047613782
0.024620517097581316,-30.04763872417108,0.22458262620268032,-6.748177615863696
0.024670558798999164,-29.896144564099924,0.2295169618406063,-6.8616722710997715
0.024720600500417012,-29.741366484008854,0.23442608635660042,-6.972152147743561
0.02477064220183486,-29.583321485382278,0.23930946051148935,-7.079568704804784
0.02482068390325271,-29.422026928556875,0.24416654789462933,-7.183874747208556
0.024870725604670556,-29.25750053081466,0.24899681498282775,-7.285024446531242
0.024920767306088408,-29.08976036443683,0.2537997311989475,-7.382973361135865
0.024970809007506256,-28.918824854718636,0.25857476897018794,-7.4776784556982
0.025020850708924104,-28.744712777945477,0.2633214037860357,-7.569098120115001
0.025070892410341952,-28.56744325933041,0.2680391142558792,-7.657192187786009
0.0251209341117598,-28.387035770913382,0.27272738216628034,-7.741921953261764
0.02517097581317765,-28.203510129422327,0.27738569253789735,-7.823250189249415
0.025221017514595497,-28.01688649409641,0.2820135336820518,-7.90114116296908
0.025271059216013345,-27.82718536447163,0.28661039725693643,-7.9755606518536215
0.025321100917431193,-27.63442757812911,0.2911757783234511,-8.046475958584786
0.02537114261884904,-27.438634308406176,0.2957091754006691,-8.1138559254593
0.02542118432026689,-27.23982706207059,0.3002100905209213,-8.177670948078452
0.025471226021684737,-27.038027676958162,0.30467802928449556,-8.23789298835526
0.025521267723102585,-26.83325831957399,0.30911250091394316,-8.294495586833387
0.025571309424520433,-26.62554148265759,0.31351301830798817,-8.347453874312526
0.02562135112593828,-26.41489998271221,0.3178790980950324,-8.396744582775044
0.02567139282735613,-26.201356957498525,0.32221026068625225,-8.442346055609148
0.025721434528773977,-25.984935863493142,0.32650603032827696,-8.484238257124023
0.025771476230191825,-25.765660473312032,0.33076593515544833,-8.522402781352826
0.025821517931609674,-25.543554873099215,0.33498950724165255,-8.556822860139619
0.02587155963302752,-25.31864345988105,0.339176282651719,-8.587483370506712
0.02592160133444537,-25.090950938886365,0.34332580149238084,-8.614370841299166
0.025971643035863218,-24.860502320832737,0.34743760796279183,-8.63747345910356
0.026021684737281066,-24.627322919179203,0.35151125040459286,-8.65678107343837
0.026071726438698914,-24.391438347345666,0.35554628135152555,-8.672285201213752
0.026121768140116762,-24.152874515899516,0.35954225757858177,-8.683979030458707
0.02617180984153461,-23.911657629709424,0.3634987401506906,-8.691857423314024
0.026221851542952458,-23.66781418506691,0.36741529447093296,-8.695916918289683
0.026271893244370306,-23.421370966775882,0.3712914903282788,-8.696155731785698
0.026321934945788154,-23.172355045210455,0.375126901944844,-8.692573758875774
0.026371976647206006,-22.920793773341472,0.3789211080226594,-8.685172573353423
0.026422018348623854,-22.666714783731884,0.38267369178994787,-8.67395542704047
0.026472060050041702,-22.4101459855015,0.3863842410469044,-8.658927248358328
0.02652210175145955,-22.151115561261342,0.39005234821097384,-8.64009464016263
0.026572143452877398,-21.88965196401792,0.3936776103616216,-8.61746587684215
0.026622185154295246,-21.625783914047837,0.39725962928459196,-8.591050900683335
0.026672226855713094,-21.359540395743068,0.4007980115156496,-8.560861317502013
0.026722268557130942,-21.090950654427104,0.4042923683838004,-8.526910391544199
0.02677231025854879,-20.82004419314263,0.407742316053983,-8.489213039658255
0.02682235195996664,-20.546850769410703,0.41114747556923176,-8.447785824740938
0.026872393661384487,-20.271400391962118,0.41450747289230333,-8.402646948460264
0.026922435362802335,-19.99372331744106,0.4178219389467621,-8.353816243258313
0.026972477064220183,-19.713850047081635,0.42109050965752104,-8.30131516363755
0.02702251876563803,-19.43181132335747,0.4243128259908336,-8.245166776734488
0.02707256046705588,-19.147638126604832,0.42748853399373077,-8.185395752184766
0.027122602168473727,-18.861361671619544,0.4306172848329024,-8.122028351284182
0.027172643869891575,-18.573013404228366,0.4336987348330126,-8.055092415450426
0.027222685571309423,-18.282624997834724,0.43673254551445145,-7.984617353990501
0.02727272727272727,-17.99022834993963,0.4397183836305152,-7.910634131179325
0.02732276897414512,-17.69585557863791,0.4426559212040112,-7.8331752526551055
0.027372810675562968,-17.399539019090188,0.4455448355632844,-7.752274751137488
0.027422852376980816,-17.1013112199711,0.44838480937766084,-7.667968171474795
0.027472894078398664,-16.80120493989401,0.4511755306923047,-7.580292555026851
0.027522935779816512,-16.499253143812567,0.4539166929624854,-7.489286423390291
0.02757297748123436,-16.19548899939983,0.45660799508724825,-7.394989761473541
0.027623019182652208,-15.889945873404926,0.4592491414424903,-7.297443999928854
0.027673060884070056,-15.582657327987887,0.46183984191343175,-7.196691996949104
0.027723102585487904,-15.273657117033066,0.46437981192648414,-7.0927780194374215
0.027773144286905756,-14.962979182441458,0.46686877248050873,-6.98574772355785
0.027823185988323604,-14.650657650402378,0.4693064501774633,-6.875648134675635
0.027873227689741452,-14.336726827644892,0.4716925772524335,-6.762527626695924
0.0279232693911593,-14.021221197669423,0.4740268916030451,-6.646435900809962
0.027973311092577148,-13.704175416959934,0.47630913681825443,-6.527423963658128
0.028023352793994996,-13.385624311177116,0.4785390622065136,-6.405544104919406
0.028073394495412844,-13.065602871332983,0.48071642282330795,-6.280849874337132
0.028123436196830692,-12.744146249947342,0.4828409794980611,-6.153396058191117
0.02817347789824854,-12.42128975718638,0.4849124988604074,-6.02323865522643
0.02822351959966639,-12.097068856984203,0.48693075336582536,-5.890434852049582
0.028273561301084237,-11.77151916314723,0.4888955213206327,-5.755042998002683
0.028323603002502085,-11.444676435442233,0.49080658690633777,-5.617122579526794
0.028373644703919933,-11.116576575668342,0.4926637402033465,-5.476734194025675
0.02842368640533778,-10.787255623713431,0.49446677721402027,-5.333939523241397
0.02847372810675563,-10.456749753595355,0.4962154998850843,-5.188801306153551
0.028523769808173477,-10.125095269488455,0.49790971612938223,-5.041383311413948
0.028573811509591325,-9.792328601735644,0.4995492398469766,-4.891750309328848
0.028623853211009173,-9.45848630284692,0.5011338909455899,-4.739968043401245
0.02867389491242702,-9.123605043484169,0.5026634953603873,-4.586103201445411
0.02872393661384487,-8.787721608433111,0.5041378850730964,-4.430223386286618
0.028773978315262717,-8.450872892562733,0.5055568981304631,-4.27239708605883
0.028824020016680565,-8.113095896772576,0.5069203786620415,-4.11269364411341
0.028874061718098414,-7.774427723928407,0.508228176897315,-3.9511832285520767
0.02892410341951626,-7.434905574786712,0.5094801491821478,-3.7879368013975165
0.02897414512093411,-7.094566743908288,0.5106761579945649,-3.623026087415095
0.029024186822351958,-6.753448615561825,0.5118160719598576,-3.4565235425995917
0.029074228523769806,-6.411588659617339,0.5128997658650145,-3.288502322340515
0.029124270225187654,-6.069024427430353,0.5139271206724751,-3.1190362492801986
0.029174311926605502,-5.7257935477171,0.514898023533206,-2.9481997808787184
0.029224353628023354,-5.381933722421215,0.5158123677990964,-2.7760679766998924
0.0292743953294412,-5.037482722572405,0.5166700530346726,-2.6027164654327315
0.02932443703085905,-4.692478384137504,0.5174709850281303,-2.4282214116628436
0.029374478732276898,-4.34695860386442,0.5182150758016837,-2.252659482408381
0.029424520433694746,-4.000961335119389,0.5189022436212287,-2.0761078134352378
0.029474562135112594,-3.654524583718021,0.5195324130053215,-1.8986439753662914
0.029524603836530442,-3.3076864037505698,0.5201055147334692,-1.7203459395995877
0.02957464553794829,-2.960484893401948,0.5206214858537341,-1.5412920440504558
0.029624687239366138,-2.612958190766738,0.5210802696896477,-1.3615609587325057
0.029674728940783986,-2.265144469660116,0.5214818158464368,-1.1812316511928713
0.029724770642201834,-1.917081935424565,0.5218260802165591,-1.0003833518165755
0.029774812343619683,-1.5688088207332613,0.5221130249845479,-0.8190955190154844
0.02982485404503753,-1.2203633813904362,0.5223426186311663,-0.6374478043170652
0.02987489574645538,-0.8717838921291968,0.5225148359368686,-0.45552001736829206
0.029924937447873227,-0.5231086424072644,0.522629657984572,-0.27339209087008237
0.029974979149291075,-0.17437593220112707,0.5226870721617326,-0.0911440454576799
0.030025020850708923,0.17437593220111075,0.5226870721617326,0.09114404545767137
0.03007506255212677,0.5231086424072776,0.522629657984572,0.27339209087008925
0.03012510425354462,0.8717838921292101,0.5225148359368686,0.45552001736829906
0.030175145954962467,1.2203633813904493,0.5223426186311663,0.6374478043170719
0.030225187656380315,1.5688088207332744,0.5221130249845479,0.8190955190154913
0.030275229357798163,1.9170819354245785,0.5218260802165591,1.0003833518165823
0.03032527105921601,2.2651444696601293,0.5214818158464368,1.1812316511928784
0.03037531276063386,2.6129581907667214,0.5210802696896477,1.361560958732497
0.030425354462051708,2.9604848934019317,0.5206214858537341,1.5412920440504474
0.030475396163469556,3.307686403750583,0.5201055147334692,1.7203459395995948
0.030525437864887404,3.654524583718034,0.5195324130053214,1.8986439753662978
0.030575479566305252,4.000961335119403,0.5189022436212287,2.076107813435245
0.030625521267723103,4.346958603864462,0.5182150758016836,2.252659482408403
0.03067556296914095,4.692478384137517,0.5174709850281303,2.4282214116628498
0.0307256046705588,5.037482722572419,0.5166700530346725,2.602716465432738
0.030775646371976648,5.38193372242123,0.5158123677990963,2.776067976699899
0.030825688073394496,5.725793547717113,0.514898023533206,2.948199780878725
0.030875729774812344,6.069024427430366,0.513927120672475,3.119036249280205
0.030925771476230192,6.411588659617351,0.5128997658650144,3.2885023223405208
0.03097581317764804,6.7534486155618385,0.5118160719598575,3.4565235425995975
0.031025854879065888,7.0945667439083016,0.5106761579945648,3.623026087415101
0.031075896580483736,7.434905574786696,0.5094801491821478,3.787936801397508
0.031125938281901584,7.7744277239284205,0.5082281768973149,3.951183228552083
0.031175979983319432,8.113095896772588,0.5069203786620414,4.112693644113415
0.03122602168473728,8.450872892562746,0.5055568981304631,4.272397086058836
0.03127606338615513,8.787721608433124,0.5041378850730963,4.430223386286623
0.03132610508757298,9.123605043484181,0.5026634953603872,4.586103201445416
0.031376146788990825,9.458486302846934,0.5011338909455899,4.739968043401252
0.03142618849040867,9.792328601735626,0.4995492398469768,4.891750309328842
0.03147623019182652,10.125095269488437,0.49790971612938245,5.041383311413941
0.03152627189324437,10.456749753595368,0.49621549988508434,5.188801306153558
0.03157631359466222,10.787255623713444,0.4944667772140204,5.333939523241404
0.031626355296080065,11.116576575668352,0.4926637402033466,5.476734194025681
0.03167639699749791,11.444676435442245,0.49080658690633794,5.617122579526802
0.03172643869891576,11.771519163147243,0.4888955213206328,5.755042998002691
0.03177648040033361,12.097068856984217,0.4869307533658255,5.89043485204959
0.03182652210175146,12.421289757186365,0.4849124988604075,6.023238655226424
0.031876563803169305,12.744146249947327,0.4828409794980612,6.153396058191111
0.031926605504587154,13.065602871332995,0.4807164228233079,6.280849874337138
0.031976647206005,13.385624311177128,0.47853906220651354,6.405544104919412
0.03202668890742285,13.704175416959945,0.47630913681825426,6.527423963658131
0.0320767306088407,14.021221197669433,0.47402689160304506,6.6464359008099665
0.032126772310258546,14.336726827644902,0.47169257725243346,6.762527626695928
0.032176814011676394,14.650657650402364,0.4693064501774632,6.875648134675627
0.03222685571309424,14.962979182441444,0.46686877248050856,6.98574772355784
0.03227689741451209,15.273657117033052,0.4643798119264841,7.0927780194374135
0.03232693911592994,15.582657327987873,0.4618398419134317,7.196691996949097
0.032376980817347786,15.889945873404912,0.45924914144249024,7.297443999928847
0.032427022518765634,16.195488999399817,0.4566079950872482,7.394989761473534
0.03247706422018348,16.49925314381255,0.45391669296248527,7.489286423390281
0.03252710592160133,16.801204939893996,0.4511755306923046,7.580292555026843
0.03257714762301918,17.101311219971087,0.448384809377661,7.667968171474792
0.03262718932443703,17.399539019090174,0.44554483556328456,7.7522747511374845
0.032677231025854875,17.695855578637893,0.44265592120401137,7.8331752526551
0.03272727272727272,17.99022834993962,0.43971838363051535,7.910634131179323
0.03277731442869058,18.282624997834763,0.43673254551445106,7.984617353990512
0.032827356130108426,18.573013404228377,0.4336987348330122,8.055092415450424
0.032877397831526274,18.861361671619555,0.43061728483290207,8.12202835128418
0.03292743953294412,19.147638126604843,0.42748853399373044,8.185395752184764
0.03297748123436197,19.431811323357504,0.424312825990833,8.245166776734491
0.03302752293577982,19.71385004708167,0.42109050965752043,8.301315163637554
0.033077564637197666,19.993723317441095,0.4178219389467615,8.353816243258315
0.033127606338615515,20.27140039196215,0.4145074728923027,8.402646948460266
0.03317764804003336,20.546850769410714,0.4111474755692317,8.447785824740942
0.03322768974145121,20.820044193142635,0.40774231605398287,8.489213039658255
0.03327773144286906,21.090950654427115,0.40429236838380034,8.526910391544202
0.03332777314428691,21.359540395743082,0.40079801151564953,8.560861317502017
0.033377814845704755,21.625783914047865,0.3972596292845916,8.591050900683339
0.0334278565471226,21.88965196401795,0.39367761036162113,8.617465876842154
0.03347789824854045,22.151115561261378,0.39005234821097345,8.640094640162635
0.0335279399499583,22.410145985501533,0.386384241046904,8.658927248358331
0.03357798165137615,22.66671478373189,0.38267369178994814,8.673955427040479
0.033628023352793995,22.920793773341483,0.37892110802265966,8.685172573353434
0.03367806505421184,23.172355045210466,0.3751269019448442,8.692573758875783
0.03372810675562969,23.42137096677589,0.371291490328279,8.696155731785705
0.03377814845704754,23.667814185066923,0.3674152944709332,8.695916918289694
0.03382819015846539,23.91165762970943,0.36349874015069084,8.691857423314033
0.033878231859883236,24.152874515899523,0.359542257578582,8.683979030458715
0.033928273561301084,24.391438347345677,0.3555462813515258,8.67228520121376
0.03397831526271893,24.627322919179193,0.3515112504045931,8.65678107343837
0.03402835696413678,24.860502320832747,0.3474376079627917,8.637473459103562
0.03407839866555463,25.090950938886376,0.3433258014923808,8.61437084129917
0.034128440366972476,25.318643459881056,0.3391762826517189,8.58748337050671
0.034178482068390324,25.54355487309922,0.33498950724165244,8.556822860139619
0.03422852376980817,25.76566047331204,0.3307659351554482,8.522402781352826
0.03427856547122602,25.984935863493153,0.32650603032827685,8.484238257124025
0.03432860717264387,26.20135695749851,0.3222102606862522,8.442346055609143
0.03437864887406172,26.414899982712203,0.3178790980950323,8.396744582775039
0.034428690575479565,26.625541482657596,0.31351301830798767,8.347453874312516
0.03447873227689741,26.833258319573996,0.3091125009139426,8.294495586833374
0.03452877397831526,27.03802767695817,0.3046780292844951,8.23789298835525
0.03457881567973311,27.239827062070596,0.3002100905209208,8.177670948078442
0.03462885738115096,27.438634308406183,0.29570917540066854,8.113855925459285
0.034678899082568805,27.634427578129117,0.2911757783234506,8.046475958584773
0.03472894078398665,27.827185364471624,0.2866103972569367,7.975560651853628
0.0347789824854045,28.016886494096404,0.28201353368205206,7.901141162969086
0.03482902418682235,28.203510129422334,0.2773856925378972,7.823250189249412
0.0348790658882402,28.38703577091339,0.27272738216628023,7.741921953261763
0.034929107589658046,28.567443259330418,0.26803911425587906,7.657192187786008
0.034979149291075894,28.744712777945484,0.2633214037860356,7.569098120114999
0.03502919099249374,28.918824854718643,0.25857476897018783,7.477678455698199
0.03507923269391159,29.089760364436824,0.25379973119894816,7.382973361135882
0.03512927439532944,29.257500530814653,0.24899681498282847,7.285024446531262
0.035179316096747286,29.422026928556868,0.24416654789463002,7.183874747208574
0.035229357798165134,29.583321485382267,0.23930946051149005,7.079568704804803
0.03527939949958298,29.741366484008847,0.23442608635660112,6.97215214774358
0.03532944120100083,29.89614456409992,0.22951696184060702,6.861672271099792
0.03537948290241868,30.047638724171073,0.22458262620268102,6.748177615863715
0.035429524603836526,30.195832323457672,0.21962362145129355,6.631718047613802
0.035479566305254374,30.340709083742748,0.21464049230467563,6.512344734607487
0.03552960800667222,30.4822530911451,0.20963378613098477,6.390110125299661
0.03557964970809007,30.620448797867294,0.20460405288817968,6.265067925298638
0.035629691409507926,30.755281023903542,0.19955184506360965,6.137273073769774
0.035679733110925774,30.886734958707063,0.19447771761333052,6.006781719297216
0.03572977481234362,31.01479616281704,0.1893822279011416,5.873651195214068
0.03577981651376147,31.139450569444687,0.1842659356373623,5.73793999441212
0.03582985821517932,31.26068448601834,0.17912940281735568,5.599707743642241
0.035879899916597166,31.378484595687564,0.17397319365979305,5.4590151773163855
0.035929941618015014,31.492837958785923,0.16879787454467843,5.315924110823033
0.03597998331943286,31.603732014252316,0.16360401395113505,5.170497413367669
0.03603002502085071,31.71115458101075,0.15839218239496136,5.022798980350269
0.03608006672226856,31.81509385930835,0.15316295236596283,4.872893705291882
0.036130108423686406,31.915538432011527,0.1479168982650675,4.7208474513227
0.036180150125104255,32.01247726586003,0.1426545963412311,4.566727022244099
0.0362301918265221,32.10589971267892,0.13737662462813965,4.410600133177389
0.03628023352793995,32.195795510548216,0.1320835628807156,4.252535380812156
0.0363302752293578,32.282154784930086,0.1267759925114351,4.092602213267285
0.03638031693077565,32.364968049753536,0.1214544965264632,3.9308708995778834
0.036430358632193495,32.44422620845638,0.11611965946161405,3.7674124988215283
0.03648040033361134,32.51992055498442,0.11077206731814282,3.60229882889739
0.03653044203502919,32.59204277474784,0.10541230749837693,3.4356024349719734
0.03658048373644704,32.66058494553442,0.10004096874119332,3.2673965576052977
0.03663052543786489,32.72553953837981,0.09465864105734871,3.0977551005715678
0.036680567139282735,32.78689941839451,0.08926591566467042,2.926752598388436
0.03673060884070058,32.844657845547616,0.08386338492311451,2.754464183569153
0.03678065054211843,32.89880847540716,0.0784516422696983,2.5809655536119607
0.03683069224353628,32.94934535983701,0.07303128215331482,2.406332937741271
0.03688073394495413,32.99626294765025,0.06760289996943693,2.230643063415238
0.036930775646371976,33.039556085218955,0.06216709199471282,2.0539731226142806
0.036980817347789824,33.07922001704025,0.05672445532147395,1.8764007379258065
0.03703085904920767,33.115250386258694,0.05127558779214427,1.6980039284394473
0.03708090075062552,33.14764323514489,0.04582108793357151,1.5188610754682308
0.03713094245204337,33.17639500553015,0.04036155489128247,1.339050888110575
0.037180984153461216,33.20150253919741,0.03489758836367032,1.1586523686682664
0.037231025854879064,33.22296307822808,0.029429788536122093,0.9777447779356442
0.03728106755629691,33.240774265305035,0.023958756015088047,0.796407600375061
0.03733110925771476,33.25493414397152,0.01848509176211407,0.6147205091943737
0.03738115095913261,33.26544115884608,0.013009397027825763,0.432763331341205
0.03743119266055046,33.27229415579339,0.007532273285885482,0.2506160124298062
0.037481234361968305,33.27549238205103,0.002054322166923861,0.06835858161575349
0.03753127606338615,33.2750354863122,-0.003423854607545843,-0.11392888356606146
0.037581317764804,33.27092351876427,-0.00890165529122341,-0.2961662923846973
0.03763135946622185,33.263156931083294,-0.014378478179120031,-0.47827357610222637
0.0376814011676397,33.25173657638438,-0.019853721673652163,-0.660170723153135
0.037731442869057545,33.236663709128,-0.025326784350723563,-0.8417778142986049
0.03778148457047539,33.21793998498217,-0.030797065025788273,-1.0230150577402284
0.03783152627189324,33.195567460640625,-0.036263962819887315,-1.2038028241777328
0.03788156797331109,33.16954859359682,-0.041726877225651764,-1.3840616817953046
0.03793160967472894,33.1398862418741,-0.04718520817326507,-1.5637124311611525
0.037981651376146786,33.106583663711675,-0.052638356096377285,-1.742676140024962
0.038031693077564634,33.069644517206754,-0.05808572199796395,-1.9208741779979641
0.03808173477898248,33.02907285991273,-0.06352670751612252,-2.0982282511003763
0.03813177648040033,32.984873148393476,-0.068960714989799,-2.2746604361610365
0.03818181818181818,32.9370502377338,-0.07438714752443751,-2.4500932150541135
0.038231859883236026,32.88560938100617,-0.07980540905754492,-2.624449508757834
0.038281901584653874,32.83055622869367,-0.08521490442416847,-2.79765271122042
0.03833194328607172,32.771896828069345,-0.09061503942226577,-2.9696267230179303
0.03838198498748957,32.70963762253192,-0.09600522087797816,-3.1402959847898018
0.038432026688907425,32.64378545089805,-0.10138485671078741,-3.309585510436986
0.03848206839032527,32.57434754665114,-0.10675335599854875,-3.477420920068102
0.03853211009174312,32.50133153714672,-0.11211012904240582,-3.6437284726795323
0.03858215179316097,32.42474544277466,-0.11745458743156185,-3.808435098554513
0.03863219349457882,32.344597676078195,-0.12278614410791441,-3.971468431367451
0.038682235195996666,32.26089704082984,-0.12810421343054013,-4.132756839979146
0.038732276897414514,32.17365273106433,-0.13340821124002417,-4.29222945990901
0.03878231859883236,32.082874330068734,-0.13869755492262656,-4.449816224470434
0.03883236030025021,31.988571809329787,-0.14397166347427842,-4.605447895555618
0.03888240200166806,31.890755527438504,-0.1492299575644052,-4.759056094056469
0.038932443703085906,31.789436228952482,-0.15447185959955756,-4.9105733299078365
0.038982485404503754,31.68462504321557,-0.15969679378686036,-5.059933031740388
0.0390325271059216,31.576333483135404,-0.16490418619725916,-5.20706957612971
0.03908256880733945,31.46457344391879,-0.17009346482856308,-5.35191831642894
0.0391326105087573,31.349357201765066,-0.1752640596682761,-5.494415611172253
0.039182652210175146,31.230697412517642,-0.18041540275620946,-5.634498852036679
0.039232693911592995,31.108607110273837,-0.18554692824686894,-5.772106491350017
0.03928273561301084,30.983099705953137,-0.19065807247160974,-5.907178069132724
0.03933277731442869,30.854188985824088,-0.19574827400055225,-6.039654239661915
0.03938281901584654,30.721889109989974,-0.2008169737042518,-6.169476797545796
0.03943286071726439,30.586214610833395,-0.20586361481511598,-6.296588703297078
0.039482902418682235,30.44718039141995,-0.21088764298856225,-6.420934108394123
0.03953294412010008,30.304801723861257,-0.21588850636390963,-6.54245837981884
0.03958298582151793,30.159094247637405,-0.22086565562499644,-6.661108124060494
0.03963302752293578,30.010073967878938,-0.22581854406052293,-6.776831210575022
0.03968306922435363,29.857757253608963,-0.23074662762409956,-6.8895767946892645
0.039733110925771475,29.702160835944966,-0.23564936499401032,-6.999295339940394
0.039783152627189323,29.54330180626105,-0.24052621763267337,-7.105938639840497
0.03983319432860717,29.38119761431054,-0.24537664984579605,-7.209459839056816
0.03988323603002502,29.215866066309225,-0.250200128841218,-7.309813453998337
0.03993327773144287,29.047325322979436,-0.2549961247874352,-7.406955392799691
0.039983319432860716,28.875593897555216,-0.25976411087179896,-7.500842974693574
0.040033361134278564,28.70069065374873,-0.2645035633583832,-7.591434948763184
0.04008340283569641,28.522634803678212,-0.2692139616455142,-7.678691512066434
0.04013344453711426,28.3414459057576,-0.273894788322955,-7.762574327123957
0.04018348623853211,28.157143862548175,-0.27854552922874065,-7.843046538763268
0.040233527939949956,27.969748918572378,-0.2831656735056555,-7.920072790311628
0.040283569641367804,27.779281658090053,-0.2877547136573484,-7.993619239130534
0.04033361134278565,27.585763002837428,-0.2923121456040768,-8.06365357148497
0.0403836530442035,27.389214209728852,-0.29683746873808087,-8.130145016740988
0.04043369474562135,27.189656868522032,-0.30133018597856703,-8.193064360885167
0.0404837364470392,26.987112899446398,-0.30578980382631316,-8.25238395936028
0.040533778148457045,26.781604550795322,-0.3102158324178754,-8.308077749211332
0.04058381984987489,26.57315439648227,-0.3146077855793972,-8.36012126053671
0.04063386155129274,26.36178533356119,-0.31896518088001263,-8.408491627239409
0.04068390325271059,26.147520579711404,-0.32328753968483825,-8.453167597073575
0.04073394495412844,25.930383670687263,-0.32757438720754906,-8.494129540982017
0.040783986655546285,25.710398457732904,-0.33182525256253065,-8.53135946172052
0.04083402835696413,25.487589104962307,-0.3360396688166033,-8.5648410017652
0.04088407005838198,25.26198008670502,-0.3402171730403121,-8.59455945049944
0.04093411175979983,25.03359618481778,-0.3443573063587768,-8.620501750677203
0.04098415346121768,24.802462485962394,-0.34845961400209696,-8.642656504159946
0.041034195162635526,24.56860437885007,-0.3525236453553055,-8.661013976924547
0.041084236864053374,24.332047551452693,-0.3565489540078656,-8.675566103340106
0.04113427856547122,24.092817988180975,-0.36053509780270915,-8.686306489711699
0.04118432026688907,23.850941967030447,-0.36448163888480095,-8.693230417089536
0.04123436196830692,23.606446056694832,-0.36838814374923734,-8.696334843342314
0.04128440366972477,23.359357113647594,-0.37225418328886417,-8.695618404493805
0.04133444537114262,23.109702279192113,-0.37607933284140926,-8.691081415322165
0.04138448707256047,22.85750897648009,-0.37986317223613286,-8.68272586922161
0.04143452877397832,22.602804907499443,-0.38360528583997866,-8.670555437326597
0.041484570475396165,22.34561805003138,-0.38730526260322895,-8.654575466898857
0.04153461217681401,22.085976654577163,-0.3909626961046565,-8.63479297897799
0.04158465387823186,21.823909241255,-0.3945771845961672,-8.611216665296674
0.04163469557964971,21.559444596667223,-0.39814833104693015,-8.583856884461811
0.04168473728106756,21.292611770738286,-0.401675743186989,-8.55272565740333
0.041734778982485406,21.023440073523826,-0.40515903355034993,-8.517836662092611
0.041784820683903254,20.75195907199093,-0.40859781951754515,-8.479205227532834
0.0418348623853211,20.47819858677067,-0.4119917233576576,-8.436848327023997
0.04188490408673895,20.202188688882273,-0.41534037226981535,-8.390784570705417
0.0419349457881568,19.923959696430046,-0.4186433984241404,-8.341034197379079
0.041984987489574646,19.643542171273115,-0.4219004390021533,-8.287619065617438
0.042035029190992494,19.360966915668364,-0.42511113623662633,-8.230562644159509
0.04208507089241034,19.076264968886996,-0.4282751374508823,-8.16989000159953
0.04213511259382819,18.78946760380504,-0.431392095097534,-8.105627795372698
0.04218515429524604,18.500606323468215,-0.4344616667966604,-8.037804260042835
0.042235195996663887,18.20971285763148,-0.4374835153734148,-7.96644919489709
0.042285237698081735,17.916819159273732,-0.4404573088950621,-7.891593950853197
0.04233527939949958,17.621957401087922,-0.4433827207074392,-7.813271416684958
0.04238532110091743,17.3251599719471,-0.4462594294708364,-7.731516004572086
0.04243536280233528,17.02645947334667,-0.4490871191952944,-7.646363634980686
0.04248540450375313,16.72588871582333,-0.45186547927531406,-7.557851720881077
0.042535446205170975,16.423480715350873,-0.45459420452397586,-7.466019151309788
0.04258548790658882,16.119268689713827,-0.45727299520646064,-7.370906274283162
0.04263552960800667,15.813286054858485,-0.45990155707297525,-7.272554879069784
0.04268557130942452,15.505566421222419,-0.462479601391074,-7.1710081778297665
0.04273561301084237,15.196143590042547,-0.46500684497737427,-7.066310786628835
0.042785654712260215,14.885051549642274,-0.46748301022866223,-6.958508705835584
0.042835696413678064,14.572324471698057,-0.4699078251523864,-6.847649299910532
0.04288573811509591,14.25799670748586,-0.47228102339653416,-6.7337812765958365
0.04293577981651376,13.942102784107847,-0.47460234427888925,-6.616954665514813
0.04298582151793161,13.624677400699783,-0.4768715328156659,-6.4972207961906685
0.043035863219349456,13.305755424619539,-0.47908833974951764,-6.374632275494113
0.043085904920767304,12.985371887617106,-0.4812525215769166,-6.249242964529738
0.04313594662218515,12.663561981986557,-0.4833638405749011,-6.121107954971329
0.043185988323603,12.340361056700381,-0.485422064827188,-5.990283544856519
0.04323603002502085,12.015804613526651,-0.48742696824964726,-5.85682721385142
0.043286071726438696,11.689928303129149,-0.4893783306151371,-5.720797597995984
0.043336113427856544,11.362767921151654,-0.4912759375776928,-5.58225446394151
0.04338615512927439,11.034359404285798,-0.49311958069607253,-5.441258682691178
0.04343619683069224,10.704738826323668,-0.49490905745665364,-5.297872202855491
0.04348623853211009,10.373942394195312,-0.4966441712956769,-5.152158023434221
0.04353628023352794,10.04200644399162,-0.4983247316208383,-5.004180166136853
0.043586321934945785,9.708967436972994,-0.4999505538322244,-4.8540036472536805
0.04363636363636363,9.374861955564313,-0.5015214593425898,-4.70169444908994
0.04368640533778148,9.039726699336546,-0.5030372755969738,-4.54731949097548
0.04373644703919933,8.703598480975524,-0.504497836091654,-4.390946599862758
0.04378648874061718,8.366514222238266,-0.5059029803924369,-4.23264448052605
0.043836530442035025,8.02851094989735,-0.5072525541522799,-4.072482685374978
0.04388657214345287,7.689625791673726,-0.5085464091282453,-3.9105315838956143
0.04393661384487072,7.349895972158448,-0.5097844031977848,-3.746862331732597
0.04398665554628857,7.009358808723773,-0.5109664003743499,-3.581546839425828
0.04403669724770642,6.66805170742411,-0.5120922708223297,-3.414657740815525
0.044086738949124266,6.3260121588869564,-0.5131618908713126,-3.246268361129345
0.04413678065054212,5.9832777341950525,-0.5141751430296709,-3.0764526847659863
0.04418682235195997,5.639886080759417,-0.515131915997466,-2.9052853227890374
0.04423686405337782,5.295874918183698,-0.5160321046786747,-2.732841480145338
0.044286905754795665,4.951282034121134,-0.5168756101927331,-2.559196922622678
0.04433694745621351,4.606145280123727,-0.5176623398853982,-2.3844279435609312
0.04438698915763136,4.260502567484476,-0.5183922073389253,-2.2086113303314363
0.04443703085904921,3.9143918630730314,-0.5190651323815606,-2.031824330599307
0.04448707256046706,3.5678511851652592,-0.5196810410963476,-1.8541446183835195
0.044537114261884905,3.2209185992671463,-0.5202398658292462,-1.6756502599296639
0.04458715596330275,2.873632213933525,-0.5207415451965646,-1.4964196794103686
0.0446371976647206,2.526030176582125,-0.5211860240917012,-1.3165316244684957
0.04468723936613845,2.1781506693030637,-0.521573253691199,-1.1360651316180617
0.0447372810675563,1.830031904665115,-0.5219031914601072,-0.9550994915185422
0.044787322768974146,1.4817121215180424,-0.522175801156654,-0.7737142141372092
0.044837364470391994,1.1332295807923407,-0.5223910528362278,-0.5919889938152679
0.04488740617180984,0.7846225612964903,-0.5225489228546661,-0.41000367425295026
0.04493744787322769,0.4359293555122508,-0.5226493938708529,-0.2278382134289894
0.04498748957464554,0.08718826538845145,-0.522692454848623,-0.045572648469882925
0.045037531276063386,-0.2615624018662584,-0.5226781010579753,0.13671293951561894
0.045087572977481234,-0.6102843379912366,-0.5226063340755911,0.3189384606213492
0.04513761467889908,-0.958939237881791,-0.5224771617846621,0.5010238513324251
0.04518765638031693,-1.307488803796775,-0.5222905983740233,0.6828891097023535
0.04523769808173478,-1.6558947495653749,-0.5220466643365955,0.8644543305030862
0.04528773978315263,-2.0041188047926273,-0.521745386467134,1.04563974033258
0.045337781484570475,-2.3521227190632006,-0.5213867978592844,1.2263657326644355
0.04538782318598832,-2.6998682661429263,-0.520970937901949,1.4065529028241892
0.04543786488740617,-3.047317248177967,-0.520497852274959,1.5861220828770701
0.04548790658882402,-3.394431499890277,-0.5199675929440573,1.7649943764114333
0.04553794829024187,-3.7411728927700776,-0.5193802181551902,1.943091193203207
0.045587989991659715,-4.087503339263991,-0.5187357924281095,2.1203342837456503
0.04563803169307756,-4.433384796958747,-0.5180343865492855,2.296645773629453
0.04568807339449541,-4.778779272759918,-0.5172760775641313,2.471948197758022
0.04573811509591326,-5.123648827065243,-0.5164609487685398,2.6461645343829314
0.04578815679733111,-5.467955577932079,-0.5155890896997343,2.8192182389445852
0.045838198498748955,-5.811661705238513,-0.5146605961264331,2.991033277703216
0.045888240200166804,-6.154729454837685,-0.5136755700383303,3.16153416114545
0.04593828190158465,-6.497121142704863,-0.5126341196348924,3.3306459771517534
0.0459883236030025,-6.838799159076822,-0.5115363593134731,3.4982944239101985
0.04603836530442035,-7.1797259725830544,-0.5103824096567479,3.664405842562077
0.046088407005838196,-7.519864134368384,-0.5091723974194684,3.8289072495650256
0.046138448707256044,-7.859176282206439,-0.5079064555145395,3.9917263687594087
0.04618849040867389,-8.19762514460392,-0.5065847229984186,4.152791663124049
0.04623853211009174,-8.535173544894308,-0.5052073450558424,4.312032366206917
0.04628857381150959,-8.871784405321742,-0.5037744729838783,4.469378513217551
0.046338615512927436,-9.20742075111373,-0.5022862641753058,4.624760971767103
0.046388657214345284,-9.542045714542633,-0.500742882101327,4.778111472242694
0.04643869891576313,-9.87562253897536,-0.49914449629361124,4.92936263780269
0.04648874061718098,-10.208114582910877,-0.4974912823256725,5.07844801397973
0.04653878231859883,-10.539485324005067,-0.4957834217935837,5.225302097878489
0.04658882402001668,-10.8696983630825,-0.4940211022960292,5.369860366955361
0.046638865721434525,-11.198717428134671,-0.4922045174136987,5.5120593073674025
0.04668890742285237,-11.526506378304276,-0.4903338666880229,5.651836441878095
0.04673894912427022,-11.853029207855075,-0.4884093555992555,5.789130357307651
0.04678899082568807,-12.178250050126914,-0.48643119554390224,5.923880731515823
0.04683903252710592,-12.502133181475479,-0.48439960381149993,6.056028359905329
0.046889074228523765,-12.824643025196329,-0.48231480356074885,6.185515181434295
0.04693911592994161,-13.145744155432732,-0.4801770237950001,6.312284304126207
0.04698915763135947,-13.465401301067274,-0.47798649933709936,6.43628003006637
0.047039199332777316,-13.783579349595648,-0.4757434708035962,6.557447879873409
0.047089241034195164,-14.100243350984089,-0.47344818457831045,6.675734616635809
0.04713928273561301,-14.415358521508178,-0.4711008927852701,6.7910882693022545
0.04718932443703086,-14.728890247573682,-0.46870185326101643,6.903458155515896
0.04723936613844871,-15.04080408951866,-0.46625132952628207,7.0127949038824156
0.04728940783986656,-15.351065785396464,-0.4637495907570452,7.119050475662089
0.047339449541284405,-15.659641254739219,-0.46119691175496147,7.222178185876317
0.04738949124270225,-15.966496602301353,-0.4585935729171793,7.322132723819381
0.0474395329441201,-16.27159812178282,-0.4559398602055392,7.418870172966374
0.04748957464553795,-16.574912299531523,-0.4532360651151631,7.512348030268587
0.0475396163469558,-16.876405818224548,-0.4504824846424352,7.602525224827843
0.047589658048373645,-17.176045560528106,-0.4476794212523772,7.6893621359416855
0.04763969974979149,-17.47379861273494,-0.4448271828454269,7.772820610511211
0.04768974145120934,-17.76963226837994,-0.44192608272361505,7.852863979804293
0.04773978315262719,-18.063514031832703,-0.4389764395561516,7.929457075566505
0.04778982485404504,-18.35541162186698,-0.43597857734442186,8.002566245472833
0.047839866555462886,-18.645292975206605,-0.43293282538639627,8.072159367913322
0.047889908256880734,-18.933126250047433,-0.4298395182404595,8.138205866106187
0.04793994995829858,-19.218879829555014,-0.42669899568866076,8.200676721532185
0.04798999165971643,-19.50252232533749,-0.42351160269939087,8.259544486684332
0.04804003336113428,-19.784022580893442,-0.4202776893894893,8.314783297127375
0.048090075062552126,-20.063349675034264,-0.41699761098578597,8.366368882861734
0.048140116763969974,-20.340472925280658,-0.41367172778608174,8.414278578986867
0.04819015846538782,-20.615361891232947,-0.4103004051195714,8.45849133565945
0.04824020016680567,-20.88798637791476,-0.4068840133067146,8.498987727341943
0.04829024186822352,-21.15831643908975,-0.4034229276185589,8.53574996133747
0.04834028356964137,-21.426322380551184,-0.3999175282355161,8.568761885607348
0.048390325271059215,-21.69197476338342,-0.39636820020560465,8.598008995867684
0.04844036697247706,-21.955244407195764,-0.39277533340215254,8.62347844196206
0.04849040867389491,-22.21610239332776,-0.3891393224809723,8.645159033507472
0.04854045037531276,-22.47452006802569,-0.3854605668370105,8.66304124481095
0.04859049207673061,-22.73046904559008,-0.3817394705604761,8.677117219054848
0.048640533778148455,-22.983921211493662,-0.37797644239245387,8.687380771748833
0.0486905754795663,-23.234848725469604,-0.3741718956800063,8.69382739344714
0.04874061718098415,-23.48322402456962,-0.37032624833076994,8.696454251729872
0.048790658882402,-23.729019826191585,-0.36643992276705056,8.695260192447456
0.04884070058381985,-23.972209131076383,-0.36251334587942247,8.690245740227743
0.048890742285237695,-24.212765226273607,-0.35854694897983697,8.681413098245494
0.048940783986655544,-24.450661688075844,-0.3545411677542455,8.6687661472544
0.04899082568807339,-24.685872384921144,-0.3504964422147416,8.652310443881998
0.04904086738949124,-24.918371480263403,-0.3464132166512293,8.6320532181883
0.04909090909090909,-25.148133435410504,-0.34229193958261717,8.608003370489127
0.049140950792326936,-25.375133012329368,-0.3381330637075555,8.58017146744566
0.049190992493744784,-25.59934527641836,-0.33393704585470724,8.548569737421802
0.04924103419516263,-25.82074559924617,-0.3297043469325685,8.51321206511145
0.04929107589658048,-26.03930966125711,-0.32543543187884044,8.47411398543807
0.04934111759799833,-26.255013454442484,-0.3211307696093586,8.43129267672918
0.049391159299416176,-26.467833284977704,-0.3167908329665853,8.384766953168798
0.049441201000834024,-26.67774577582496,-0.31241609866767023,8.334557256531154
0.04949124270225187,-26.884727869301024,-0.30800704725208616,8.280685647199277
0.04954128440366972,-27.088756829610006,-0.30356416302884426,8.22317579447245
0.04959132610508757,-27.28981024534076,-0.2990879340232957,8.162052966166737
0.04964136780650542,-27.48786603192866,-0.2945788519235245,8.097344017513192
0.049691409507923265,-27.68290243408144,-0.290037412026339,8.029077379358622
0.04974145120934111,-27.874898028168886,-0.2854641131828657,7.957283045674043
0.04979149291075896,-28.063831724576133,-0.28085945774375387,7.88199256037641
0.049841534612176816,-28.24968277002019,-0.2762239515039947,7.803239003469292
0.049891576313594664,-28.432430749829624,-0.2715581036473632,7.72105697650871
0.04994161801501251,-28.612055590186937,-0.2668624266904868,7.6354825874003955
0.04999165971643036,-28.78853756033361,-0.26213743642654863,7.546553434535259
0.05004170141784821,-28.961857274737373,-0.25738365186863027,7.454308590269961
0.050091743119266056,-29.13199569522163,-0.25260159519270153,7.358788583759898
0.050141784820683905,-29.298934133056665,-0.24779179168026222,7.260035383152101
0.05019182652210175,-29.46265425101251,-0.24295476966064297,7.158092377145907
0.0502418682235196,-29.623138065373173,-0.23809106045297135,7.053004355929481
0.05029190992493745,-29.780367947912058,-0.23320119830780947,6.944817491500573
0.0503419516263553,-29.93432662782831,-0.2282857203484696,6.833579317380161
0.050391993327773145,-30.08499719364392,-0.22334516651201433,6.719338707727886
0.05044203502919099,-30.232363095061345,-0.21838007948994836,6.602145855868478
0.05049207673060884,-30.376408144781532,-0.2133910046686036,6.482052252238485
0.05054211843202669,-30.51711652028187,-0.20837849006923664,6.359110661763293
0.05059216013344454,-30.654472765554306,-0.20334308628782846,6.233375100673997
0.050642201834862385,-30.78846179280306,-0.19828534643460533,6.104900812774564
0.05069224353628023,-30.919068884101936,-0.19320582607328304,5.973744245169656
0.05074228523769808,-31.046279693011023,-0.18810508316004118,5.839963023463736
0.05079232693911593,-31.170080246152544,-0.18298367798223497,5.7036159264424
0.05084236864053378,-31.29045694474575,-0.17784217309685085,5.564762860247033
0.050892410341951626,-31.407396566100683,-0.17268113326871298,5.423464832054151
0.050942452043369474,-31.52088626507062,-0.16750112540844683,5.279783923270983
0.05099249374478732,-31.63091357546301,-0.16230271851020744,5.1337832622590716
0.05104253544620517,-31.737466411408832,-0.1570864835891787,4.9855269965978835
0.05109257714762302,-31.840533068690164,-0.15185299361885055,4.835080264900607
0.051142618849040866,-31.94010222602581,-0.14660282346808098,4.682509168194523
0.051192660550458714,-32.036162946314874,-0.14133654983795133,4.527880740878562
0.05124270225187656,-32.128704677838186,-0.13605475119841481,4.37126292127062
0.05129274395329441,-32.21771725541727,-0.1307580077247607,4.212724521758008
0.05134278565471226,-32.30319090153099,-0.12544690123388172,4.0523351985635845
0.05139282735613011,-32.38511622738952,-0.12012201512036559,3.8901654211412806
0.051442869057547955,-32.46348423396567,-0.11478393429241258,3.7262864412142878
0.0514929107589658,-32.53828631298339,-0.1094332451075867,3.560770261469545
0.05154295246038365,-32.60951424786329,-0.10407053530840758,3.3936896039222764
0.0515929941618015,-32.67716021462523,-0.09869639395779044,3.225117877964488
0.05164303586321935,-32.74121678274774,-0.09331141137434086,3.0551291481114475
0.051693077564637195,-32.801676915984174,-0.08791617906751166,2.8837981014603282
0.05174311926605504,-32.85853397313566,-0.08251128967262902,2.711200014875318
0.05179316096747289,-32.91178170878054,-0.07709733688579479,2.537410721913592
0.05184320266889074,-32.96141427396045,-0.0716749153986725,2.3625065795067117
0.05189324437030859,-33.00742621682276,-0.06624462083316385,2.1865644344120554
0.051943286071726436,-33.049812483219426,-0.06080704967598301,2.009661589449047
0.051993327773144284,-33.08856841726218,-0.05536279921313693,1.83187576953503
0.05204336947456213,-33.12368976183395,-0.04991246746431323,1.6532850875355423
0.05209341117597998,-33.155172659056454,-0.0444566531171967,1.473968009944437
0.05214345287739783,-33.183013650714,-0.03899595546170316,1.2940033224083312
0.052193494578815676,-33.20720967863332,-0.03353097432415186,1.113470095110981
0.052243536280233524,-33.227758085019516,-0.028062310001377985,0.9324476480326114
0.05229357798165137,-33.24465661274801,-0.022590563194793495,0.7510155160994934
0.05234361968306922,-33.25790340561243,-0.017116334944403514,0.5692534142390807
0.05239366138448707,-33.26749700852856,-0.011640226562785542,0.3872412023560627
0.052443703085904916,-33.27343636769414,-0.006162839569038706,0.20505885024471696
0.052493744787322764,-33.275720830704635,-0.000684775622710343,0.0227864024529813
0.05254378648874061,-33.274350146624876,0.004793363542292846,-0.1594960568863183
0.05259382819015846,-33.269324466016656,0.010270976183801826,-0.34170843924163247
0.05264386989157631,-33.260644340922155,0.015747460617483146,-0.5237706868707853
0.052693911592994164,-33.248310724803346,0.02122221528293051,-0.705602807995544
0.05274395329441201,-33.23232497243721,0.026694638809742755,-0.8871249119472058
0.05279399499582986,-33.21268883976698,0.03216413008358091,-1.0682572442677611
0.05284403669724771,-33.189404483709204,0.03763008831219719,-1.2489202217512108
0.052894078398665556,-33.16247446191685,0.04309191309142856,-1.42903446740964
0.052944120100083404,-33.13190173249836,0.04854900447114769,-1.608520845348689
0.05299416180150125,-33.09768965369274,0.05400076302116404,-1.7873004955370946
0.0530442035029191,-33.05984198350061,0.059446589897067845,-1.9652948684550269
0.05309424520433695,-33.01836287927149,0.06488588690600969,-2.1424257596059983
0.053144286905754796,-32.97325689724708,0.07031805657240862,-2.318615343877183
0.053194328607172645,-32.92452899206083,0.07574250220358139,-2.4937862097330465
0.05324437030859049,-32.87218451619364,0.08115862795528568,-2.6678613932272626
0.05329441201000834,-32.81622921938598,0.08656583889717027,-2.840764411817979
0.05334445371142619,-32.75666924800632,0.09196354107812373,-3.012419297971541
0.05339449541284404,-32.69351114437588,0.0973511415915202,-3.18275063254008
0.053444537114261885,-32.62676184605015,0.10272804864034138,-3.3516835778978744
0.05349457881567973,-32.55642868505673,0.10809367160218561,-3.5191439108224976
0.05354462051709758,-32.482519387089965,0.11344742109414344,-3.6850580551058734
0.05359466221851543,-32.40504207066236,0.11878870903753803,-3.84935311388109
0.05364470391993328,-32.32400524621278,0.12411694872252216,-4.011956901650729
0.053694745621351125,-32.23941781517162,0.129431554872525,-4.172797976002646
0.053744787322768973,-32.15128906898306,0.13473194370854127,-4.331805668999264
0.05379482902418682,-32.05962868808444,0.14001753301325617,-4.488910118226597
0.05384487072560467,-31.964446740842885,0.14528774219499851,-4.644042297489341
0.05389491242702252,-31.865753682449437,0.15054199235151533,-4.797134047138575
0.053944954128440366,-31.76356035377053,0.15577970633356122,-4.948118104018721
0.053994995829858214,-31.657877980157217,0.16100030880829452,-5.096928131020619
0.05404503753127606,-31.548718170212126,0.16620322632247467,-5.2434987462277345
0.05409507923269391,-31.436092914514354,0.17138788736545155,-5.387765551642656
0.05414512093411176,-31.320014584302267,0.1765537224319465,-5.529665161481419
0.054195162635529606,-31.200495930114723,0.1817001640846037,-5.669135230022856
0.054245204336947454,-31.077550080390427,0.18682664701632348,-5.806114479001218
0.0542952460383653,-30.951190540025845,0.1919326081123572,-5.940542724529679
0.05434528773978315,-30.82143118889179,0.1970174865121622,-6.072360903543023
0.054395329441201,-30.688286280308795,0.20208072367100902,-6.201511099747899
0.05444537114261885,-30.551770439481448,0.20712176342133448,-6.327936569069196
0.054495412844036695,-30.411898661891914,0.2121400520338334,-6.4515817645814195
0.05454545454545454,-30.26868631165278,0.21713503827828262,-6.572392360914056
0.05459549624687239,-30.12214911981936,0.2221061734840904,-6.690315278120239
0.05464553794829024,-29.972303182661758,0.22705291160056487,-6.805298704998229
0.05469557964970809,-29.81916495989677,0.23197470925689448,-6.917292121855429
0.054745621351125935,-29.6627512728799,0.23687102582183422,-7.0262463227049805
0.05479566305254378,-29.503079302757584,0.24174132346309077,-7.13211343688514
0.05484570475396163,-29.340166588580004,0.24658506720640036,-7.234846950091983
0.05489574645537948,-29.1740310253745,0.25140172499429186,-7.334401724816138
0.05494578815679733,-29.00469086217981,0.25619076774453337,-7.430734020174697
0.054995829858215176,-28.83216470004169,0.26095166940824416,-7.523801511129326
0.055045871559633024,-28.65647148996958,0.26568390702768113,-7.613563307082472
0.05509591326105087,-28.477630530854967,0.2703869607936822,-7.699979969843248
0.05514595496246872,-28.295661467351522,0.2750603141027641,-7.783013530955189
0.05519599666388657,-28.110584287717245,0.27970345361386845,-7.862627508378259
0.055246038365304416,-27.922419321618854,0.2843158693047493,-7.938786922517792
0.055296080066722264,-27.731187237898723,0.28889705452799613,-8.011458311593298
0.05534612176814011,-27.536909042304483,0.29344650606668626,-8.080609746340391
0.05539616346955796,-27.339606075181702,0.29796372418966016,-8.146210844039398
0.05544620517097581,-27.139300009129744,0.30244821270641414,-8.20823278186446
0.055496246872393656,-26.93601284662117,0.30689947902160414,-8.266648309547273
0.05554628857381151,-26.729766917584886,0.3113170341891543,-8.3214317613499
0.05559633027522936,-26.520584876953336,0.3157003929659651,-8.372559067341399
0.05564637197664721,-26.308489702173983,0.3200490738652143,-8.420007763973311
0.055696413678065056,-26.093504690685368,0.3243625992092457,-8.46375700394935
0.055746455379482904,-25.875653457358016,0.32864049518203925,-8.503787565384984
0.05579649708090075,-25.654959931900493,0.3328822918812568,-8.540081860252847
0.0558465387823186,-25.43144835623084,0.3370875233698587,-8.572623942110319
0.05589658048373645,-25.20514328181377,0.3412557277272837,-8.601399513105813
0.055946622185154296,-24.976069566963798,0.34538644710018856,-8.626395930260772
0.055996663886572144,-24.744252374114716,0.34947922775274076,-8.647602211024534
0.05604670558798999,-24.509717167055634,0.3535336201164585,-8.665009038099688
0.05609674728940784,-24.272489708133953,0.3575491788395934,-8.678608763535777
0.05614678899082569,-24.03259605542548,0.36152546283604986,-8.688395412089523
0.056196830692243536,-23.790062559872126,0.36546203533383553,-8.694364683850145
0.056246872393661385,-23.544915862387445,0.3693584639230379,-8.696513956128596
0.05629691409507923,-23.2971828909301,0.37321432060332466,-8.694842284609877
0.05634695579649708,-23.046890857546252,0.377029181830953,-8.689350403767934
0.05639699749791493,-22.79406725538029,0.38080262856529595,-8.680040726542956
0.05644703919933278,-22.538739855654924,0.38453424631487115,-8.666917343281215
0.056497080900750625,-22.280936704620657,0.3882236251828706,-8.649986019937915
0.05654712260216847,-22.020686120475073,0.39187035991218483,-8.62925419554382
0.05659716430358632,-21.75801669025225,0.3954740499299187,-8.604730978936823
0.05664720600500417,-21.492957266682645,0.39903429939139157,-8.576427144759828
0.05669724770642202,-21.225536965023753,0.40255071722361885,-8.544355128726746
0.056747289407839865,-20.955785159862014,0.4060229171682691,-8.508529022158697
0.056797331109257713,-20.683731481886138,0.4094505178240921,-8.468964565792755
0.05684737281067556,-20.40940581463237,0.4128331426888138,-8.42567914286603
0.05689741451209341,-20.132838291201942,0.41617042020049294,-8.378691771478087
0.05694745621351126,-19.85405929095113,0.4194619837783347,-8.32802309623504
0.056997497914929106,-19.573099436154266,0.42270747186295793,-8.273695379179056
0.057047539616346954,-19.28998958864008,0.42590652795610956,-8.215732490007198
0.0570975813177648,-19.00476084640153,0.42905880065982593,-8.15415989558386
0.05714762301918265,-18.717444540180164,0.43216394371502903,-8.089004648751597
0.0571976647206005,-18.428072230024394,0.43522161603956283,-8.020295376445008
0.057247706422018346,-18.136675701822885,0.43823148176565885,-7.948062267113063
0.057297748123436194,-17.84328696381304,0.4411932102768293,-7.872337057455373
0.05734778982485404,-17.547938243065087,0.44410647624418326,-7.79315301847818
0.05739783152627189,-17.25066198194212,0.44697095966216255,-7.710544940876252
0.05744787322768974,-16.951490834536475,0.4497863458836919,-7.624549119747056
0.05749791492910759,-16.650457663082893,0.4525523256547418,-7.5352033386439805
0.057547956630525435,-16.34759553434877,0.4552685951482978,-7.442546852975552
0.05759799833194328,-16.042937716001973,0.4579348559977345,-7.346620372757987
0.05764804003336113,-15.736517672956573,0.460550815329589,-7.247466044728637
0.05769808173477898,-15.428369063696918,0.46311618579573177,-7.145127433828182
0.05774812343619683,-15.118525736580436,0.4656306856049302,-7.039649504059731
0.057798165137614675,-14.807021726119656,0.4680940385538007,-6.931078598733219
0.05784820683903252,-14.493891249243477,0.47050597405715083,-6.819462420103717
0.05789824854045037,-14.179168701538973,0.4728662271776978,-6.70485000841283
0.05794829024186822,-13.86288865347301,0.475174538655173,-6.58729172034207
0.05799833194328607,-13.545085846594942,0.47743065493479914,-6.466839206887902
0.058048373644703916,-13.225795189720436,0.47963432819514235,-6.3435453906681065
0.058098415346121764,-12.905051755096956,0.48178531637533334,-6.217464442669438
0.05814845704753961,-12.582890774551265,0.4838833832016569,-6.088651758446783
0.05819849874895746,-12.259347635619418,0.4859282982135051,-5.957163933784301
0.05824854045037531,-11.934457877659643,0.4879198367886918,-5.82305873982921
0.058298582151793156,-11.608257187948542,0.48985778016812637,-5.68639509770917
0.058348623853211004,-11.28078139776105,0.4917419154798432,-5.547233052644402
0.05839866555462886,-10.952066478434585,0.49357203576238406,-5.405633747565923
0.05844870725604671,-10.622148537417782,0.49534793998753207,-5.261659396251475
0.058498748957464555,-10.291063814304318,0.4970694330823933,-5.1153732559909795
0.0585487906588824,-9.958848676852192,0.4987363259508244,-4.966839599793491
0.05859883236030025,-9.625539616988926,0.5003484354942037,-4.8161236881478855
0.0586488740617181,-9.291173246803158,0.5019055846315436,-4.663291740349695
0.05869891576313595,-8.955786294522987,0.503407602318942,-4.5084109054066595
0.058748957464553796,-8.619415600481613,0.5048543235683702,-4.3515492325358025
0.058798999165971644,-8.282098113070623,0.5062455894657965,-4.192775641264998
0.05884904086738949,-7.943870884681422,0.5075812471886408,-4.032159891152128
0.05889908256880734,-7.604771067635248,0.5088611500225629,-3.869772551135186
0.05894912427022519,-7.264835910102199,0.5100851573775768,-3.705684968526751
0.058999165971643036,-6.9241027520097305,0.5112531348034944,-3.5399692376664778
0.059049207673060884,-6.582609020941086,0.5123649540046944,-3.372698168245366
0.05909924937447873,-6.240392228024088,0.5134204928542138,-3.2039452533157324
0.05914929107589658,-5.8974899638108145,0.5144196354071634,-3.0337846370009647
0.05919933277731443,-5.553939894148259,0.5153622719134647,-2.8622910819190746
0.059249374478732277,-5.209779756041301,0.5162482988299034,-2.689539936334791
0.059299416180150125,-4.865047353507285,0.5170776188315043,-2.5156071010540586
0.05934945788156797,-4.519780553423519,0.5178501408222214,-2.3405689960759073
0.05939949958298582,-4.174017281367817,0.5185657799449447,-2.1645025270161797
0.05944954128440367,-3.827795517452592,0.5192244575908209,-1.9874850513178977
0.05949958298582152,-3.4811532921529578,0.5198261014078882,-1.8095943442631073
0.059549624687239365,-3.1341286821292997,0.520370645309024,-1.6309085648011445
0.05959966638865721,-2.786759806044773,0.5208580294792037,-1.4515062212083283
0.05964970809007506,-2.4390848203781847,0.5212882003820714,-1.2714661365941717
0.05969974979149291,-2.0911419152327237,0.5216611107658206,-1.090867414269268
0.05974979149291076,-1.7429693101409975,0.5219767196683844,-0.9097894029900648
0.059799833194328605,-1.394605249866834,0.5222349924219349,-0.7283116620957967
0.059849874895746454,-1.0460880002043167,0.5224359006566913,-0.5465139265528993
0.0598999165971643,-0.6974558437745034,0.5225794223040365,-0.36447607192225434
0.05994995829858215,-0.34874707582036124,0.5226655415989404,-0.18227807926469583
0.06,-1.6300415990320962e-14,0.5226942490816925,-8.520133695780029e-15
